publisher,semester,unit_no,unit_title,source_url,structure_status,school_year_status
翰林,十上,1,數與式,https://www.junyiacademy.org/topics/h10,publisher_structure_verified,school_year_pending
翰林,十上,2,指數、對數,https://www.junyiacademy.org/topics/h10,publisher_structure_verified,school_year_pending
翰林,十上,3,多項式函數,https://www.junyiacademy.org/topics/h10,publisher_structure_verified,school_year_pending
翰林,十上,4,直線與圓,https://www.junyiacademy.org/topics/h10,publisher_structure_verified,school_year_pending
翰林,十下,1,數列與級數,https://www.junyiacademy.org/topics/h10,publisher_structure_verified,school_year_pending
翰林,十下,2,數據分析,https://www.junyiacademy.org/topics/h10,publisher_structure_verified,school_year_pending
翰林,十下,3,排列組合與機率,https://www.junyiacademy.org/topics/h10,publisher_structure_verified,school_year_pending
翰林,十下,4,三角比,https://www.junyiacademy.org/topics/h10,publisher_structure_verified,school_year_pending
龍騰,十上,1,實數,https://www.junyiacademy.org/topics/l10,publisher_structure_verified,school_year_pending
龍騰,十上,2,式的運算,https://www.junyiacademy.org/topics/l10,publisher_structure_verified,school_year_pending
龍騰,十上,3,絕對值,https://www.junyiacademy.org/topics/l10,publisher_structure_verified,school_year_pending
龍騰,十上,4,指數,https://www.junyiacademy.org/topics/l10,publisher_structure_verified,school_year_pending
龍騰,十上,5,常用對數,https://www.junyiacademy.org/topics/l10,publisher_structure_verified,school_year_pending
龍騰,十上,6,直線方程式,https://www.junyiacademy.org/topics/l10,publisher_structure_verified,school_year_pending
龍騰,十上,7,圓方程式,https://www.junyiacademy.org/topics/l10,publisher_structure_verified,school_year_pending
龍騰,十上,8,直線與圓,https://www.junyiacademy.org/topics/l10,publisher_structure_verified,school_year_pending
龍騰,十上,9,多項式之除法原理,https://www.junyiacademy.org/topics/l10,publisher_structure_verified,school_year_pending
龍騰,十上,10,一次與二次函數,https://www.junyiacademy.org/topics/l10,publisher_structure_verified,school_year_pending
龍騰,十上,11,三次函數的圖形特徵,https://www.junyiacademy.org/topics/l10,publisher_structure_verified,school_year_pending
龍騰,十上,12,多項式不等式,https://www.junyiacademy.org/topics/l10,publisher_structure_verified,school_year_pending
龍騰,十下,1,數列與遞迴關係,https://www.junyiacademy.org/topics/l10,publisher_structure_verified,school_year_pending
龍騰,十下,2,級數,https://www.junyiacademy.org/topics/l10,publisher_structure_verified,school_year_pending
龍騰,十下,3,計數原理,https://www.junyiacademy.org/topics/l10,publisher_structure_verified,school_year_pending
龍騰,十下,4,排列,https://www.junyiacademy.org/topics/l10,publisher_structure_verified,school_year_pending
龍騰,十下,5,組合,https://www.junyiacademy.org/topics/l10,publisher_structure_verified,school_year_pending
龍騰,十下,6,古典機率,https://www.junyiacademy.org/topics/l10,publisher_structure_verified,school_year_pending
龍騰,十下,7,數學期望值,https://www.junyiacademy.org/topics/l10,publisher_structure_verified,school_year_pending
龍騰,十下,8,一維數據分析,https://www.junyiacademy.org/topics/l10,publisher_structure_verified,school_year_pending
龍騰,十下,9,二維數據分析,https://www.junyiacademy.org/topics/l10,publisher_structure_verified,school_year_pending
龍騰,十下,10,直角三角形的三角比,https://www.junyiacademy.org/topics/l10,publisher_structure_verified,school_year_pending
龍騰,十下,11,廣義角三角比與極座標,https://www.junyiacademy.org/topics/l10,publisher_structure_verified,school_year_pending
龍騰,十下,12,三角比的性質,https://www.junyiacademy.org/topics/l10,publisher_structure_verified,school_year_pending
泰宇,十上,1,實數,https://www.junyiacademy.org/topics/t10,publisher_structure_verified,school_year_pending
泰宇,十上,2,指數與常用對數,https://www.junyiacademy.org/topics/t10,publisher_structure_verified,school_year_pending
泰宇,十上,3,式的運算,https://www.junyiacademy.org/topics/t10,publisher_structure_verified,school_year_pending
泰宇,十上,4,直線方程式,https://www.junyiacademy.org/topics/t10,publisher_structure_verified,school_year_pending
泰宇,十上,5,點與直線、直線與直線的關係,https://www.junyiacademy.org/topics/t10,publisher_structure_verified,school_year_pending
泰宇,十上,6,圓的方程式,https://www.junyiacademy.org/topics/t10,publisher_structure_verified,school_year_pending
泰宇,十上,7,點、直線與圓的關係,https://www.junyiacademy.org/topics/t10,publisher_structure_verified,school_year_pending
泰宇,十上,8,多項式,https://www.junyiacademy.org/topics/t10,publisher_structure_verified,school_year_pending
泰宇,十上,9,一次與二次函數圖形的平移與應用,https://www.junyiacademy.org/topics/t10,publisher_structure_verified,school_year_pending
泰宇,十上,10,三次函數,https://www.junyiacademy.org/topics/t10,publisher_structure_verified,school_year_pending
泰宇,十上,11,多項式不等式,https://www.junyiacademy.org/topics/t10,publisher_structure_verified,school_year_pending
泰宇,十下,1,集合與簡單邏輯,https://www.junyiacademy.org/topics/t10,publisher_structure_verified,school_year_pending
泰宇,十下,2,廣義角與極坐標,https://www.junyiacademy.org/topics/t10,publisher_structure_verified,school_year_pending
泰宇,十下,3,廣義角三角比的性質,https://www.junyiacademy.org/topics/t10,publisher_structure_verified,school_year_pending
泰宇,十下,4,正弦定理與餘弦定理,https://www.junyiacademy.org/topics/t10,publisher_structure_verified,school_year_pending
泰宇,十下,5,數列,https://www.junyiacademy.org/topics/t10,publisher_structure_verified,school_year_pending
泰宇,十下,6,級數,https://www.junyiacademy.org/topics/t10,publisher_structure_verified,school_year_pending
泰宇,十下,7,計數法則與排列,https://www.junyiacademy.org/topics/t10,publisher_structure_verified,school_year_pending
泰宇,十下,8,組合與二項式定理,https://www.junyiacademy.org/topics/t10,publisher_structure_verified,school_year_pending
泰宇,十下,9,樣本空間、事件與機率,https://www.junyiacademy.org/topics/t10,publisher_structure_verified,school_year_pending
泰宇,十下,10,機率的性質與期望值,https://www.junyiacademy.org/topics/t10,publisher_structure_verified,school_year_pending
泰宇,十下,11,一維數據分析,https://www.junyiacademy.org/topics/t10,publisher_structure_verified,school_year_pending
泰宇,十下,12,二維數據分析,https://www.junyiacademy.org/topics/t10,publisher_structure_verified,school_year_pending
