micro_skill_id,parent_skill_id,official_code,main_unit,subunit,skill_name,question_type,focus,item_pattern,common_error,difficulty,age_fit,naming_note
G11A-N-RAD-01-C1,G11A-N-RAD-01,N-11A-1,三角函數,弧度量,弧度定義與換算,概念與條件辨識,理解弧長/半徑與弧度，度數與弧度互換；第二層：辨認定義、符號、模型條件與適用範圍,概念判斷,混淆定義或忽略限制條件,1,普高G11數學A,MathAI普高11年級分流語義分類
G11A-N-RAD-01-P1,G11A-N-RAD-01,N-11A-1,三角函數,弧度量,弧度定義與換算,標準程序,理解弧長/半徑與弧度，度數與弧度互換；第二層：依標準算法完成計算、推導、解式或矩陣運算,標準程序題,運算流程、符號或公式錯誤,2,普高G11數學A,MathAI普高11年級分流語義分類
G11A-N-RAD-01-V1,G11A-N-RAD-01,N-11A-1,三角函數,弧度量,弧度定義與換算,多表徵轉換,理解弧長/半徑與弧度，度數與弧度互換；第二層：在文字、圖形、向量、矩陣、函數圖與機率表徵間轉換,圖↔式↔表,表徵轉換失去結構,3,普高G11數學A,MathAI普高11年級分流語義分類
G11A-N-RAD-01-R1,G11A-N-RAD-01,N-11A-1,三角函數,弧度量,弧度定義與換算,逆向驗證,理解弧長/半徑與弧度，度數與弧度互換；第二層：由結果反求參數/條件並以代回、幾何或數值檢核,反推/驗算,只會正向套公式,3,普高G11數學A,MathAI普高11年級分流語義分類
G11A-N-RAD-01-A1,G11A-N-RAD-01,N-11A-1,三角函數,弧度量,弧度定義與換算,情境建模,理解弧長/半徑與弧度，度數與弧度互換；第二層：從科學、金融、工程、設計或社會情境建立模型,應用建模,模型選擇與解釋錯誤,4,普高G11數學A,MathAI普高11年級分流語義分類
G11A-N-RAD-01-T1,G11A-N-RAD-01,N-11A-1,三角函數,弧度量,弧度定義與換算,條件變形,理解弧長/半徑與弧度，度數與弧度互換；第二層：加入參數、多步驟、空間/機率條件或跨表徵資訊,進階變形,整體條件控制失敗,4,普高G11數學A,MathAI普高11年級分流語義分類
G11A-N-ARCLEN-01-C1,G11A-N-ARCLEN-01,N-11A-1,三角函數,弧度量,弧長與扇形面積,概念與條件辨識,使用s=rθ與A=1/2 r²θ；第二層：辨認定義、符號、模型條件與適用範圍,概念判斷,混淆定義或忽略限制條件,1,普高G11數學A,MathAI普高11年級分流語義分類
G11A-N-ARCLEN-01-P1,G11A-N-ARCLEN-01,N-11A-1,三角函數,弧度量,弧長與扇形面積,標準程序,使用s=rθ與A=1/2 r²θ；第二層：依標準算法完成計算、推導、解式或矩陣運算,標準程序題,運算流程、符號或公式錯誤,2,普高G11數學A,MathAI普高11年級分流語義分類
G11A-N-ARCLEN-01-V1,G11A-N-ARCLEN-01,N-11A-1,三角函數,弧度量,弧長與扇形面積,多表徵轉換,使用s=rθ與A=1/2 r²θ；第二層：在文字、圖形、向量、矩陣、函數圖與機率表徵間轉換,圖↔式↔表,表徵轉換失去結構,3,普高G11數學A,MathAI普高11年級分流語義分類
G11A-N-ARCLEN-01-R1,G11A-N-ARCLEN-01,N-11A-1,三角函數,弧度量,弧長與扇形面積,逆向驗證,使用s=rθ與A=1/2 r²θ；第二層：由結果反求參數/條件並以代回、幾何或數值檢核,反推/驗算,只會正向套公式,3,普高G11數學A,MathAI普高11年級分流語義分類
G11A-N-ARCLEN-01-A1,G11A-N-ARCLEN-01,N-11A-1,三角函數,弧度量,弧長與扇形面積,情境建模,使用s=rθ與A=1/2 r²θ；第二層：從科學、金融、工程、設計或社會情境建立模型,應用建模,模型選擇與解釋錯誤,4,普高G11數學A,MathAI普高11年級分流語義分類
G11A-N-ARCLEN-01-T1,G11A-N-ARCLEN-01,N-11A-1,三角函數,弧度量,弧長與扇形面積,條件變形,使用s=rθ與A=1/2 r²θ；第二層：加入參數、多步驟、空間/機率條件或跨表徵資訊,進階變形,整體條件控制失敗,4,普高G11數學A,MathAI普高11年級分流語義分類
G11A-F-TRIGGRAPH-01-C1,G11A-F-TRIGGRAPH-01,F-11A-1,三角函數,函數圖形,sin/cos圖形,概念與條件辨識,掌握定義域、值域、週期與對稱；第二層：辨認定義、符號、模型條件與適用範圍,概念判斷,混淆定義或忽略限制條件,1,普高G11數學A,MathAI普高11年級分流語義分類
G11A-F-TRIGGRAPH-01-P1,G11A-F-TRIGGRAPH-01,F-11A-1,三角函數,函數圖形,sin/cos圖形,標準程序,掌握定義域、值域、週期與對稱；第二層：依標準算法完成計算、推導、解式或矩陣運算,標準程序題,運算流程、符號或公式錯誤,2,普高G11數學A,MathAI普高11年級分流語義分類
G11A-F-TRIGGRAPH-01-V1,G11A-F-TRIGGRAPH-01,F-11A-1,三角函數,函數圖形,sin/cos圖形,多表徵轉換,掌握定義域、值域、週期與對稱；第二層：在文字、圖形、向量、矩陣、函數圖與機率表徵間轉換,圖↔式↔表,表徵轉換失去結構,3,普高G11數學A,MathAI普高11年級分流語義分類
G11A-F-TRIGGRAPH-01-R1,G11A-F-TRIGGRAPH-01,F-11A-1,三角函數,函數圖形,sin/cos圖形,逆向驗證,掌握定義域、值域、週期與對稱；第二層：由結果反求參數/條件並以代回、幾何或數值檢核,反推/驗算,只會正向套公式,3,普高G11數學A,MathAI普高11年級分流語義分類
G11A-F-TRIGGRAPH-01-A1,G11A-F-TRIGGRAPH-01,F-11A-1,三角函數,函數圖形,sin/cos圖形,情境建模,掌握定義域、值域、週期與對稱；第二層：從科學、金融、工程、設計或社會情境建立模型,應用建模,模型選擇與解釋錯誤,4,普高G11數學A,MathAI普高11年級分流語義分類
G11A-F-TRIGGRAPH-01-T1,G11A-F-TRIGGRAPH-01,F-11A-1,三角函數,函數圖形,sin/cos圖形,條件變形,掌握定義域、值域、週期與對稱；第二層：加入參數、多步驟、空間/機率條件或跨表徵資訊,進階變形,整體條件控制失敗,4,普高G11數學A,MathAI普高11年級分流語義分類
G11A-F-TANGRAPH-01-C1,G11A-F-TANGRAPH-01,F-11A-1,三角函數,函數圖形,tan圖形,概念與條件辨識,掌握週期、零點與漸近線概念；第二層：辨認定義、符號、模型條件與適用範圍,概念判斷,混淆定義或忽略限制條件,1,普高G11數學A,MathAI普高11年級分流語義分類
G11A-F-TANGRAPH-01-P1,G11A-F-TANGRAPH-01,F-11A-1,三角函數,函數圖形,tan圖形,標準程序,掌握週期、零點與漸近線概念；第二層：依標準算法完成計算、推導、解式或矩陣運算,標準程序題,運算流程、符號或公式錯誤,2,普高G11數學A,MathAI普高11年級分流語義分類
G11A-F-TANGRAPH-01-V1,G11A-F-TANGRAPH-01,F-11A-1,三角函數,函數圖形,tan圖形,多表徵轉換,掌握週期、零點與漸近線概念；第二層：在文字、圖形、向量、矩陣、函數圖與機率表徵間轉換,圖↔式↔表,表徵轉換失去結構,3,普高G11數學A,MathAI普高11年級分流語義分類
G11A-F-TANGRAPH-01-R1,G11A-F-TANGRAPH-01,F-11A-1,三角函數,函數圖形,tan圖形,逆向驗證,掌握週期、零點與漸近線概念；第二層：由結果反求參數/條件並以代回、幾何或數值檢核,反推/驗算,只會正向套公式,3,普高G11數學A,MathAI普高11年級分流語義分類
G11A-F-TANGRAPH-01-A1,G11A-F-TANGRAPH-01,F-11A-1,三角函數,函數圖形,tan圖形,情境建模,掌握週期、零點與漸近線概念；第二層：從科學、金融、工程、設計或社會情境建立模型,應用建模,模型選擇與解釋錯誤,4,普高G11數學A,MathAI普高11年級分流語義分類
G11A-F-TANGRAPH-01-T1,G11A-F-TANGRAPH-01,F-11A-1,三角函數,函數圖形,tan圖形,條件變形,掌握週期、零點與漸近線概念；第二層：加入參數、多步驟、空間/機率條件或跨表徵資訊,進階變形,整體條件控制失敗,4,普高G11數學A,MathAI普高11年級分流語義分類
G11A-F-TANGRAPH-01-X1,G11A-F-TANGRAPH-01,F-11A-1,三角函數,函數圖形,tan圖形,跨主題整合,掌握週期、零點與漸近線概念；第二層：整合向量、矩陣、函數、三角、機率等多主題,跨章整合,無法辨識知識鏈,5,普高G11數學A,MathAI普高11年級分流語義分類
G11A-G-SUMDIFF-01-C1,G11A-G-SUMDIFF-01,G-11A-5,三角函數,和差角,正弦餘弦和差角,概念與條件辨識,正確套用sin(α±β)、cos(α±β)；第二層：辨認定義、符號、模型條件與適用範圍,概念判斷,混淆定義或忽略限制條件,1,普高G11數學A,MathAI普高11年級分流語義分類
G11A-G-SUMDIFF-01-P1,G11A-G-SUMDIFF-01,G-11A-5,三角函數,和差角,正弦餘弦和差角,標準程序,正確套用sin(α±β)、cos(α±β)；第二層：依標準算法完成計算、推導、解式或矩陣運算,標準程序題,運算流程、符號或公式錯誤,2,普高G11數學A,MathAI普高11年級分流語義分類
G11A-G-SUMDIFF-01-V1,G11A-G-SUMDIFF-01,G-11A-5,三角函數,和差角,正弦餘弦和差角,多表徵轉換,正確套用sin(α±β)、cos(α±β)；第二層：在文字、圖形、向量、矩陣、函數圖與機率表徵間轉換,圖↔式↔表,表徵轉換失去結構,3,普高G11數學A,MathAI普高11年級分流語義分類
G11A-G-SUMDIFF-01-R1,G11A-G-SUMDIFF-01,G-11A-5,三角函數,和差角,正弦餘弦和差角,逆向驗證,正確套用sin(α±β)、cos(α±β)；第二層：由結果反求參數/條件並以代回、幾何或數值檢核,反推/驗算,只會正向套公式,3,普高G11數學A,MathAI普高11年級分流語義分類
G11A-G-SUMDIFF-01-A1,G11A-G-SUMDIFF-01,G-11A-5,三角函數,和差角,正弦餘弦和差角,情境建模,正確套用sin(α±β)、cos(α±β)；第二層：從科學、金融、工程、設計或社會情境建立模型,應用建模,模型選擇與解釋錯誤,4,普高G11數學A,MathAI普高11年級分流語義分類
G11A-G-SUMDIFF-01-T1,G11A-G-SUMDIFF-01,G-11A-5,三角函數,和差角,正弦餘弦和差角,條件變形,正確套用sin(α±β)、cos(α±β)；第二層：加入參數、多步驟、空間/機率條件或跨表徵資訊,進階變形,整體條件控制失敗,4,普高G11數學A,MathAI普高11年級分流語義分類
G11A-G-SUMDIFF-01-X1,G11A-G-SUMDIFF-01,G-11A-5,三角函數,和差角,正弦餘弦和差角,跨主題整合,正確套用sin(α±β)、cos(α±β)；第二層：整合向量、矩陣、函數、三角、機率等多主題,跨章整合,無法辨識知識鏈,5,普高G11數學A,MathAI普高11年級分流語義分類
G11A-G-DOUBLE-01-C1,G11A-G-DOUBLE-01,G-11A-5,三角函數,和差角,倍角公式,概念與條件辨識,由和角公式推得與應用sin2θ、cos2θ；第二層：辨認定義、符號、模型條件與適用範圍,概念判斷,混淆定義或忽略限制條件,1,普高G11數學A,MathAI普高11年級分流語義分類
G11A-G-DOUBLE-01-P1,G11A-G-DOUBLE-01,G-11A-5,三角函數,和差角,倍角公式,標準程序,由和角公式推得與應用sin2θ、cos2θ；第二層：依標準算法完成計算、推導、解式或矩陣運算,標準程序題,運算流程、符號或公式錯誤,2,普高G11數學A,MathAI普高11年級分流語義分類
G11A-G-DOUBLE-01-V1,G11A-G-DOUBLE-01,G-11A-5,三角函數,和差角,倍角公式,多表徵轉換,由和角公式推得與應用sin2θ、cos2θ；第二層：在文字、圖形、向量、矩陣、函數圖與機率表徵間轉換,圖↔式↔表,表徵轉換失去結構,3,普高G11數學A,MathAI普高11年級分流語義分類
G11A-G-DOUBLE-01-R1,G11A-G-DOUBLE-01,G-11A-5,三角函數,和差角,倍角公式,逆向驗證,由和角公式推得與應用sin2θ、cos2θ；第二層：由結果反求參數/條件並以代回、幾何或數值檢核,反推/驗算,只會正向套公式,3,普高G11數學A,MathAI普高11年級分流語義分類
G11A-G-DOUBLE-01-A1,G11A-G-DOUBLE-01,G-11A-5,三角函數,和差角,倍角公式,情境建模,由和角公式推得與應用sin2θ、cos2θ；第二層：從科學、金融、工程、設計或社會情境建立模型,應用建模,模型選擇與解釋錯誤,4,普高G11數學A,MathAI普高11年級分流語義分類
G11A-G-DOUBLE-01-T1,G11A-G-DOUBLE-01,G-11A-5,三角函數,和差角,倍角公式,條件變形,由和角公式推得與應用sin2θ、cos2θ；第二層：加入參數、多步驟、空間/機率條件或跨表徵資訊,進階變形,整體條件控制失敗,4,普高G11數學A,MathAI普高11年級分流語義分類
G11A-G-DOUBLE-01-X1,G11A-G-DOUBLE-01,G-11A-5,三角函數,和差角,倍角公式,跨主題整合,由和角公式推得與應用sin2θ、cos2θ；第二層：整合向量、矩陣、函數、三角、機率等多主題,跨章整合,無法辨識知識鏈,5,普高G11數學A,MathAI普高11年級分流語義分類
G11A-G-HALF-01-C1,G11A-G-HALF-01,G-11A-5,三角函數,和差角,半角公式,概念與條件辨識,理解半角值與正負號需依角所在範圍判斷；第二層：辨認定義、符號、模型條件與適用範圍,概念判斷,混淆定義或忽略限制條件,1,普高G11數學A,MathAI普高11年級分流語義分類
G11A-G-HALF-01-P1,G11A-G-HALF-01,G-11A-5,三角函數,和差角,半角公式,標準程序,理解半角值與正負號需依角所在範圍判斷；第二層：依標準算法完成計算、推導、解式或矩陣運算,標準程序題,運算流程、符號或公式錯誤,2,普高G11數學A,MathAI普高11年級分流語義分類
G11A-G-HALF-01-V1,G11A-G-HALF-01,G-11A-5,三角函數,和差角,半角公式,多表徵轉換,理解半角值與正負號需依角所在範圍判斷；第二層：在文字、圖形、向量、矩陣、函數圖與機率表徵間轉換,圖↔式↔表,表徵轉換失去結構,3,普高G11數學A,MathAI普高11年級分流語義分類
G11A-G-HALF-01-R1,G11A-G-HALF-01,G-11A-5,三角函數,和差角,半角公式,逆向驗證,理解半角值與正負號需依角所在範圍判斷；第二層：由結果反求參數/條件並以代回、幾何或數值檢核,反推/驗算,只會正向套公式,3,普高G11數學A,MathAI普高11年級分流語義分類
G11A-G-HALF-01-A1,G11A-G-HALF-01,G-11A-5,三角函數,和差角,半角公式,情境建模,理解半角值與正負號需依角所在範圍判斷；第二層：從科學、金融、工程、設計或社會情境建立模型,應用建模,模型選擇與解釋錯誤,4,普高G11數學A,MathAI普高11年級分流語義分類
G11A-G-HALF-01-T1,G11A-G-HALF-01,G-11A-5,三角函數,和差角,半角公式,條件變形,理解半角值與正負號需依角所在範圍判斷；第二層：加入參數、多步驟、空間/機率條件或跨表徵資訊,進階變形,整體條件控制失敗,4,普高G11數學A,MathAI普高11年級分流語義分類
G11A-G-HALF-01-X1,G11A-G-HALF-01,G-11A-5,三角函數,和差角,半角公式,跨主題整合,理解半角值與正負號需依角所在範圍判斷；第二層：整合向量、矩陣、函數、三角、機率等多主題,跨章整合,無法辨識知識鏈,5,普高G11數學A,MathAI普高11年級分流語義分類
G11A-F-SUPERPOSE-01-C1,G11A-F-SUPERPOSE-01,F-11A-2,三角函數,正餘弦疊合,asinx+bcosx疊合,概念與條件辨識,轉成Rsin(x+φ)或Rcos(x-φ)理解振幅與相位；第二層：辨認定義、符號、模型條件與適用範圍,概念判斷,混淆定義或忽略限制條件,1,普高G11數學A,MathAI普高11年級分流語義分類
G11A-F-SUPERPOSE-01-P1,G11A-F-SUPERPOSE-01,F-11A-2,三角函數,正餘弦疊合,asinx+bcosx疊合,標準程序,轉成Rsin(x+φ)或Rcos(x-φ)理解振幅與相位；第二層：依標準算法完成計算、推導、解式或矩陣運算,標準程序題,運算流程、符號或公式錯誤,2,普高G11數學A,MathAI普高11年級分流語義分類
G11A-F-SUPERPOSE-01-V1,G11A-F-SUPERPOSE-01,F-11A-2,三角函數,正餘弦疊合,asinx+bcosx疊合,多表徵轉換,轉成Rsin(x+φ)或Rcos(x-φ)理解振幅與相位；第二層：在文字、圖形、向量、矩陣、函數圖與機率表徵間轉換,圖↔式↔表,表徵轉換失去結構,3,普高G11數學A,MathAI普高11年級分流語義分類
G11A-F-SUPERPOSE-01-R1,G11A-F-SUPERPOSE-01,F-11A-2,三角函數,正餘弦疊合,asinx+bcosx疊合,逆向驗證,轉成Rsin(x+φ)或Rcos(x-φ)理解振幅與相位；第二層：由結果反求參數/條件並以代回、幾何或數值檢核,反推/驗算,只會正向套公式,3,普高G11數學A,MathAI普高11年級分流語義分類
G11A-F-SUPERPOSE-01-A1,G11A-F-SUPERPOSE-01,F-11A-2,三角函數,正餘弦疊合,asinx+bcosx疊合,情境建模,轉成Rsin(x+φ)或Rcos(x-φ)理解振幅與相位；第二層：從科學、金融、工程、設計或社會情境建立模型,應用建模,模型選擇與解釋錯誤,4,普高G11數學A,MathAI普高11年級分流語義分類
G11A-F-SUPERPOSE-01-T1,G11A-F-SUPERPOSE-01,F-11A-2,三角函數,正餘弦疊合,asinx+bcosx疊合,條件變形,轉成Rsin(x+φ)或Rcos(x-φ)理解振幅與相位；第二層：加入參數、多步驟、空間/機率條件或跨表徵資訊,進階變形,整體條件控制失敗,4,普高G11數學A,MathAI普高11年級分流語義分類
G11A-F-SUPERPOSE-01-X1,G11A-F-SUPERPOSE-01,F-11A-2,三角函數,正餘弦疊合,asinx+bcosx疊合,跨主題整合,轉成Rsin(x+φ)或Rcos(x-φ)理解振幅與相位；第二層：整合向量、矩陣、函數、三角、機率等多主題,跨章整合,無法辨識知識鏈,5,普高G11數學A,MathAI普高11年級分流語義分類
G11A-F-PERIODMODEL-01-C1,G11A-F-PERIODMODEL-01,F-11A-1 / F-11A-2,三角函數,週期模型,週期現象建模,概念與條件辨識,由資料辨認振幅、週期、頻率、相位；第二層：辨認定義、符號、模型條件與適用範圍,概念判斷,混淆定義或忽略限制條件,1,普高G11數學A,MathAI普高11年級分流語義分類
G11A-F-PERIODMODEL-01-P1,G11A-F-PERIODMODEL-01,F-11A-1 / F-11A-2,三角函數,週期模型,週期現象建模,標準程序,由資料辨認振幅、週期、頻率、相位；第二層：依標準算法完成計算、推導、解式或矩陣運算,標準程序題,運算流程、符號或公式錯誤,2,普高G11數學A,MathAI普高11年級分流語義分類
G11A-F-PERIODMODEL-01-V1,G11A-F-PERIODMODEL-01,F-11A-1 / F-11A-2,三角函數,週期模型,週期現象建模,多表徵轉換,由資料辨認振幅、週期、頻率、相位；第二層：在文字、圖形、向量、矩陣、函數圖與機率表徵間轉換,圖↔式↔表,表徵轉換失去結構,3,普高G11數學A,MathAI普高11年級分流語義分類
G11A-F-PERIODMODEL-01-R1,G11A-F-PERIODMODEL-01,F-11A-1 / F-11A-2,三角函數,週期模型,週期現象建模,逆向驗證,由資料辨認振幅、週期、頻率、相位；第二層：由結果反求參數/條件並以代回、幾何或數值檢核,反推/驗算,只會正向套公式,3,普高G11數學A,MathAI普高11年級分流語義分類
G11A-F-PERIODMODEL-01-A1,G11A-F-PERIODMODEL-01,F-11A-1 / F-11A-2,三角函數,週期模型,週期現象建模,情境建模,由資料辨認振幅、週期、頻率、相位；第二層：從科學、金融、工程、設計或社會情境建立模型,應用建模,模型選擇與解釋錯誤,4,普高G11數學A,MathAI普高11年級分流語義分類
G11A-F-PERIODMODEL-01-T1,G11A-F-PERIODMODEL-01,F-11A-1 / F-11A-2,三角函數,週期模型,週期現象建模,條件變形,由資料辨認振幅、週期、頻率、相位；第二層：加入參數、多步驟、空間/機率條件或跨表徵資訊,進階變形,整體條件控制失敗,4,普高G11數學A,MathAI普高11年級分流語義分類
G11A-F-PERIODMODEL-01-X1,G11A-F-PERIODMODEL-01,F-11A-1 / F-11A-2,三角函數,週期模型,週期現象建模,跨主題整合,由資料辨認振幅、週期、頻率、相位；第二層：整合向量、矩陣、函數、三角、機率等多主題,跨章整合,無法辨識知識鏈,5,普高G11數學A,MathAI普高11年級分流語義分類
G11A-A-LOGLAW-01-C1,G11A-A-LOGLAW-01,A-11A-4,指數對數,對數律,乘除冪對數律,概念與條件辨識,由指數律推得log乘積/商/次方規則；第二層：辨認定義、符號、模型條件與適用範圍,概念判斷,混淆定義或忽略限制條件,1,普高G11數學A,MathAI普高11年級分流語義分類
G11A-A-LOGLAW-01-P1,G11A-A-LOGLAW-01,A-11A-4,指數對數,對數律,乘除冪對數律,標準程序,由指數律推得log乘積/商/次方規則；第二層：依標準算法完成計算、推導、解式或矩陣運算,標準程序題,運算流程、符號或公式錯誤,2,普高G11數學A,MathAI普高11年級分流語義分類
G11A-A-LOGLAW-01-V1,G11A-A-LOGLAW-01,A-11A-4,指數對數,對數律,乘除冪對數律,多表徵轉換,由指數律推得log乘積/商/次方規則；第二層：在文字、圖形、向量、矩陣、函數圖與機率表徵間轉換,圖↔式↔表,表徵轉換失去結構,3,普高G11數學A,MathAI普高11年級分流語義分類
G11A-A-LOGLAW-01-R1,G11A-A-LOGLAW-01,A-11A-4,指數對數,對數律,乘除冪對數律,逆向驗證,由指數律推得log乘積/商/次方規則；第二層：由結果反求參數/條件並以代回、幾何或數值檢核,反推/驗算,只會正向套公式,3,普高G11數學A,MathAI普高11年級分流語義分類
G11A-A-LOGLAW-01-A1,G11A-A-LOGLAW-01,A-11A-4,指數對數,對數律,乘除冪對數律,情境建模,由指數律推得log乘積/商/次方規則；第二層：從科學、金融、工程、設計或社會情境建立模型,應用建模,模型選擇與解釋錯誤,4,普高G11數學A,MathAI普高11年級分流語義分類
G11A-A-LOGLAW-01-T1,G11A-A-LOGLAW-01,A-11A-4,指數對數,對數律,乘除冪對數律,條件變形,由指數律推得log乘積/商/次方規則；第二層：加入參數、多步驟、空間/機率條件或跨表徵資訊,進階變形,整體條件控制失敗,4,普高G11數學A,MathAI普高11年級分流語義分類
G11A-A-LOGLAW-01-X1,G11A-A-LOGLAW-01,A-11A-4,指數對數,對數律,乘除冪對數律,跨主題整合,由指數律推得log乘積/商/次方規則；第二層：整合向量、矩陣、函數、三角、機率等多主題,跨章整合,無法辨識知識鏈,5,普高G11數學A,MathAI普高11年級分流語義分類
G11A-A-CHANGEBASE-01-C1,G11A-A-CHANGEBASE-01,A-11A-4,指數對數,對數律,換底公式,概念與條件辨識,一般底對數換至常用對數計算；第二層：辨認定義、符號、模型條件與適用範圍,概念判斷,混淆定義或忽略限制條件,1,普高G11數學A,MathAI普高11年級分流語義分類
G11A-A-CHANGEBASE-01-P1,G11A-A-CHANGEBASE-01,A-11A-4,指數對數,對數律,換底公式,標準程序,一般底對數換至常用對數計算；第二層：依標準算法完成計算、推導、解式或矩陣運算,標準程序題,運算流程、符號或公式錯誤,2,普高G11數學A,MathAI普高11年級分流語義分類
G11A-A-CHANGEBASE-01-V1,G11A-A-CHANGEBASE-01,A-11A-4,指數對數,對數律,換底公式,多表徵轉換,一般底對數換至常用對數計算；第二層：在文字、圖形、向量、矩陣、函數圖與機率表徵間轉換,圖↔式↔表,表徵轉換失去結構,3,普高G11數學A,MathAI普高11年級分流語義分類
G11A-A-CHANGEBASE-01-R1,G11A-A-CHANGEBASE-01,A-11A-4,指數對數,對數律,換底公式,逆向驗證,一般底對數換至常用對數計算；第二層：由結果反求參數/條件並以代回、幾何或數值檢核,反推/驗算,只會正向套公式,3,普高G11數學A,MathAI普高11年級分流語義分類
G11A-A-CHANGEBASE-01-A1,G11A-A-CHANGEBASE-01,A-11A-4,指數對數,對數律,換底公式,情境建模,一般底對數換至常用對數計算；第二層：從科學、金融、工程、設計或社會情境建立模型,應用建模,模型選擇與解釋錯誤,4,普高G11數學A,MathAI普高11年級分流語義分類
G11A-A-CHANGEBASE-01-T1,G11A-A-CHANGEBASE-01,A-11A-4,指數對數,對數律,換底公式,條件變形,一般底對數換至常用對數計算；第二層：加入參數、多步驟、空間/機率條件或跨表徵資訊,進階變形,整體條件控制失敗,4,普高G11數學A,MathAI普高11年級分流語義分類
G11A-A-CHANGEBASE-01-X1,G11A-A-CHANGEBASE-01,A-11A-4,指數對數,對數律,換底公式,跨主題整合,一般底對數換至常用對數計算；第二層：整合向量、矩陣、函數、三角、機率等多主題,跨章整合,無法辨識知識鏈,5,普高G11數學A,MathAI普高11年級分流語義分類
G11A-F-EXPGRAPH-01-C1,G11A-F-EXPGRAPH-01,F-11A-4,指數對數,指數函數,指數函數圖形,概念與條件辨識,比較a>1與0<a<1的增減與漸近；第二層：辨認定義、符號、模型條件與適用範圍,概念判斷,混淆定義或忽略限制條件,1,普高G11數學A,MathAI普高11年級分流語義分類
G11A-F-EXPGRAPH-01-P1,G11A-F-EXPGRAPH-01,F-11A-4,指數對數,指數函數,指數函數圖形,標準程序,比較a>1與0<a<1的增減與漸近；第二層：依標準算法完成計算、推導、解式或矩陣運算,標準程序題,運算流程、符號或公式錯誤,2,普高G11數學A,MathAI普高11年級分流語義分類
G11A-F-EXPGRAPH-01-V1,G11A-F-EXPGRAPH-01,F-11A-4,指數對數,指數函數,指數函數圖形,多表徵轉換,比較a>1與0<a<1的增減與漸近；第二層：在文字、圖形、向量、矩陣、函數圖與機率表徵間轉換,圖↔式↔表,表徵轉換失去結構,3,普高G11數學A,MathAI普高11年級分流語義分類
G11A-F-EXPGRAPH-01-R1,G11A-F-EXPGRAPH-01,F-11A-4,指數對數,指數函數,指數函數圖形,逆向驗證,比較a>1與0<a<1的增減與漸近；第二層：由結果反求參數/條件並以代回、幾何或數值檢核,反推/驗算,只會正向套公式,3,普高G11數學A,MathAI普高11年級分流語義分類
G11A-F-EXPGRAPH-01-A1,G11A-F-EXPGRAPH-01,F-11A-4,指數對數,指數函數,指數函數圖形,情境建模,比較a>1與0<a<1的增減與漸近；第二層：從科學、金融、工程、設計或社會情境建立模型,應用建模,模型選擇與解釋錯誤,4,普高G11數學A,MathAI普高11年級分流語義分類
G11A-F-EXPGRAPH-01-T1,G11A-F-EXPGRAPH-01,F-11A-4,指數對數,指數函數,指數函數圖形,條件變形,比較a>1與0<a<1的增減與漸近；第二層：加入參數、多步驟、空間/機率條件或跨表徵資訊,進階變形,整體條件控制失敗,4,普高G11數學A,MathAI普高11年級分流語義分類
G11A-F-LOGGRAPH-01-C1,G11A-F-LOGGRAPH-01,F-11A-4,指數對數,對數函數,對數函數圖形,概念與條件辨識,理解與指數函數互為反函數的圖形關係；第二層：辨認定義、符號、模型條件與適用範圍,概念判斷,混淆定義或忽略限制條件,1,普高G11數學A,MathAI普高11年級分流語義分類
G11A-F-LOGGRAPH-01-P1,G11A-F-LOGGRAPH-01,F-11A-4,指數對數,對數函數,對數函數圖形,標準程序,理解與指數函數互為反函數的圖形關係；第二層：依標準算法完成計算、推導、解式或矩陣運算,標準程序題,運算流程、符號或公式錯誤,2,普高G11數學A,MathAI普高11年級分流語義分類
G11A-F-LOGGRAPH-01-V1,G11A-F-LOGGRAPH-01,F-11A-4,指數對數,對數函數,對數函數圖形,多表徵轉換,理解與指數函數互為反函數的圖形關係；第二層：在文字、圖形、向量、矩陣、函數圖與機率表徵間轉換,圖↔式↔表,表徵轉換失去結構,3,普高G11數學A,MathAI普高11年級分流語義分類
G11A-F-LOGGRAPH-01-R1,G11A-F-LOGGRAPH-01,F-11A-4,指數對數,對數函數,對數函數圖形,逆向驗證,理解與指數函數互為反函數的圖形關係；第二層：由結果反求參數/條件並以代回、幾何或數值檢核,反推/驗算,只會正向套公式,3,普高G11數學A,MathAI普高11年級分流語義分類
G11A-F-LOGGRAPH-01-A1,G11A-F-LOGGRAPH-01,F-11A-4,指數對數,對數函數,對數函數圖形,情境建模,理解與指數函數互為反函數的圖形關係；第二層：從科學、金融、工程、設計或社會情境建立模型,應用建模,模型選擇與解釋錯誤,4,普高G11數學A,MathAI普高11年級分流語義分類
G11A-F-LOGGRAPH-01-T1,G11A-F-LOGGRAPH-01,F-11A-4,指數對數,對數函數,對數函數圖形,條件變形,理解與指數函數互為反函數的圖形關係；第二層：加入參數、多步驟、空間/機率條件或跨表徵資訊,進階變形,整體條件控制失敗,4,普高G11數學A,MathAI普高11年級分流語義分類
G11A-F-LOGGRAPH-01-X1,G11A-F-LOGGRAPH-01,F-11A-4,指數對數,對數函數,對數函數圖形,跨主題整合,理解與指數函數互為反函數的圖形關係；第二層：整合向量、矩陣、函數、三角、機率等多主題,跨章整合,無法辨識知識鏈,5,普高G11數學A,MathAI普高11年級分流語義分類
G11A-F-EXPEQ-01-C1,G11A-F-EXPEQ-01,F-11A-4 / A-11A-4,指數對數,方程式,指數與對數方程式,概念與條件辨識,利用同底、對數律與計算機求解；第二層：辨認定義、符號、模型條件與適用範圍,概念判斷,混淆定義或忽略限制條件,1,普高G11數學A,MathAI普高11年級分流語義分類
G11A-F-EXPEQ-01-P1,G11A-F-EXPEQ-01,F-11A-4 / A-11A-4,指數對數,方程式,指數與對數方程式,標準程序,利用同底、對數律與計算機求解；第二層：依標準算法完成計算、推導、解式或矩陣運算,標準程序題,運算流程、符號或公式錯誤,2,普高G11數學A,MathAI普高11年級分流語義分類
G11A-F-EXPEQ-01-V1,G11A-F-EXPEQ-01,F-11A-4 / A-11A-4,指數對數,方程式,指數與對數方程式,多表徵轉換,利用同底、對數律與計算機求解；第二層：在文字、圖形、向量、矩陣、函數圖與機率表徵間轉換,圖↔式↔表,表徵轉換失去結構,3,普高G11數學A,MathAI普高11年級分流語義分類
G11A-F-EXPEQ-01-R1,G11A-F-EXPEQ-01,F-11A-4 / A-11A-4,指數對數,方程式,指數與對數方程式,逆向驗證,利用同底、對數律與計算機求解；第二層：由結果反求參數/條件並以代回、幾何或數值檢核,反推/驗算,只會正向套公式,3,普高G11數學A,MathAI普高11年級分流語義分類
G11A-F-EXPEQ-01-A1,G11A-F-EXPEQ-01,F-11A-4 / A-11A-4,指數對數,方程式,指數與對數方程式,情境建模,利用同底、對數律與計算機求解；第二層：從科學、金融、工程、設計或社會情境建立模型,應用建模,模型選擇與解釋錯誤,4,普高G11數學A,MathAI普高11年級分流語義分類
G11A-F-EXPEQ-01-T1,G11A-F-EXPEQ-01,F-11A-4 / A-11A-4,指數對數,方程式,指數與對數方程式,條件變形,利用同底、對數律與計算機求解；第二層：加入參數、多步驟、空間/機率條件或跨表徵資訊,進階變形,整體條件控制失敗,4,普高G11數學A,MathAI普高11年級分流語義分類
G11A-F-EXPEQ-01-X1,G11A-F-EXPEQ-01,F-11A-4 / A-11A-4,指數對數,方程式,指數與對數方程式,跨主題整合,利用同底、對數律與計算機求解；第二層：整合向量、矩陣、函數、三角、機率等多主題,跨章整合,無法辨識知識鏈,5,普高G11數學A,MathAI普高11年級分流語義分類
G11A-F-GROWTH-01-C1,G11A-F-GROWTH-01,F-11A-4,指數對數,應用,成長與衰退模型,概念與條件辨識,金融、科學與比例成長衰退情境建模；第二層：辨認定義、符號、模型條件與適用範圍,概念判斷,混淆定義或忽略限制條件,1,普高G11數學A,MathAI普高11年級分流語義分類
G11A-F-GROWTH-01-P1,G11A-F-GROWTH-01,F-11A-4,指數對數,應用,成長與衰退模型,標準程序,金融、科學與比例成長衰退情境建模；第二層：依標準算法完成計算、推導、解式或矩陣運算,標準程序題,運算流程、符號或公式錯誤,2,普高G11數學A,MathAI普高11年級分流語義分類
G11A-F-GROWTH-01-V1,G11A-F-GROWTH-01,F-11A-4,指數對數,應用,成長與衰退模型,多表徵轉換,金融、科學與比例成長衰退情境建模；第二層：在文字、圖形、向量、矩陣、函數圖與機率表徵間轉換,圖↔式↔表,表徵轉換失去結構,3,普高G11數學A,MathAI普高11年級分流語義分類
G11A-F-GROWTH-01-R1,G11A-F-GROWTH-01,F-11A-4,指數對數,應用,成長與衰退模型,逆向驗證,金融、科學與比例成長衰退情境建模；第二層：由結果反求參數/條件並以代回、幾何或數值檢核,反推/驗算,只會正向套公式,3,普高G11數學A,MathAI普高11年級分流語義分類
G11A-F-GROWTH-01-A1,G11A-F-GROWTH-01,F-11A-4,指數對數,應用,成長與衰退模型,情境建模,金融、科學與比例成長衰退情境建模；第二層：從科學、金融、工程、設計或社會情境建立模型,應用建模,模型選擇與解釋錯誤,4,普高G11數學A,MathAI普高11年級分流語義分類
G11A-F-GROWTH-01-T1,G11A-F-GROWTH-01,F-11A-4,指數對數,應用,成長與衰退模型,條件變形,金融、科學與比例成長衰退情境建模；第二層：加入參數、多步驟、空間/機率條件或跨表徵資訊,進階變形,整體條件控制失敗,4,普高G11數學A,MathAI普高11年級分流語義分類
G11A-F-GROWTH-01-X1,G11A-F-GROWTH-01,F-11A-4,指數對數,應用,成長與衰退模型,跨主題整合,金融、科學與比例成長衰退情境建模；第二層：整合向量、矩陣、函數、三角、機率等多主題,跨章整合,無法辨識知識鏈,5,普高G11數學A,MathAI普高11年級分流語義分類
G11A-G-VEC-01-C1,G11A-G-VEC-01,G-11A-1,向量與空間,平面向量,向量線性組合,概念與條件辨識,以位置向量做係數積、加減與線性組合；第二層：辨認定義、符號、模型條件與適用範圍,概念判斷,混淆定義或忽略限制條件,1,普高G11數學A,MathAI普高11年級分流語義分類
G11A-G-VEC-01-P1,G11A-G-VEC-01,G-11A-1,向量與空間,平面向量,向量線性組合,標準程序,以位置向量做係數積、加減與線性組合；第二層：依標準算法完成計算、推導、解式或矩陣運算,標準程序題,運算流程、符號或公式錯誤,2,普高G11數學A,MathAI普高11年級分流語義分類
G11A-G-VEC-01-V1,G11A-G-VEC-01,G-11A-1,向量與空間,平面向量,向量線性組合,多表徵轉換,以位置向量做係數積、加減與線性組合；第二層：在文字、圖形、向量、矩陣、函數圖與機率表徵間轉換,圖↔式↔表,表徵轉換失去結構,3,普高G11數學A,MathAI普高11年級分流語義分類
G11A-G-VEC-01-R1,G11A-G-VEC-01,G-11A-1,向量與空間,平面向量,向量線性組合,逆向驗證,以位置向量做係數積、加減與線性組合；第二層：由結果反求參數/條件並以代回、幾何或數值檢核,反推/驗算,只會正向套公式,3,普高G11數學A,MathAI普高11年級分流語義分類
G11A-G-VEC-01-A1,G11A-G-VEC-01,G-11A-1,向量與空間,平面向量,向量線性組合,情境建模,以位置向量做係數積、加減與線性組合；第二層：從科學、金融、工程、設計或社會情境建立模型,應用建模,模型選擇與解釋錯誤,4,普高G11數學A,MathAI普高11年級分流語義分類
G11A-G-VEC-01-T1,G11A-G-VEC-01,G-11A-1,向量與空間,平面向量,向量線性組合,條件變形,以位置向量做係數積、加減與線性組合；第二層：加入參數、多步驟、空間/機率條件或跨表徵資訊,進階變形,整體條件控制失敗,4,普高G11數學A,MathAI普高11年級分流語義分類
G11A-G-VEC-DOT-01-C1,G11A-G-VEC-DOT-01,G-11A-6,向量與空間,平面向量運算,平面向量內積,概念與條件辨識,由分量或長度夾角計算內積；第二層：辨認定義、符號、模型條件與適用範圍,概念判斷,混淆定義或忽略限制條件,1,普高G11數學A,MathAI普高11年級分流語義分類
G11A-G-VEC-DOT-01-P1,G11A-G-VEC-DOT-01,G-11A-6,向量與空間,平面向量運算,平面向量內積,標準程序,由分量或長度夾角計算內積；第二層：依標準算法完成計算、推導、解式或矩陣運算,標準程序題,運算流程、符號或公式錯誤,2,普高G11數學A,MathAI普高11年級分流語義分類
G11A-G-VEC-DOT-01-V1,G11A-G-VEC-DOT-01,G-11A-6,向量與空間,平面向量運算,平面向量內積,多表徵轉換,由分量或長度夾角計算內積；第二層：在文字、圖形、向量、矩陣、函數圖與機率表徵間轉換,圖↔式↔表,表徵轉換失去結構,3,普高G11數學A,MathAI普高11年級分流語義分類
G11A-G-VEC-DOT-01-R1,G11A-G-VEC-DOT-01,G-11A-6,向量與空間,平面向量運算,平面向量內積,逆向驗證,由分量或長度夾角計算內積；第二層：由結果反求參數/條件並以代回、幾何或數值檢核,反推/驗算,只會正向套公式,3,普高G11數學A,MathAI普高11年級分流語義分類
G11A-G-VEC-DOT-01-A1,G11A-G-VEC-DOT-01,G-11A-6,向量與空間,平面向量運算,平面向量內積,情境建模,由分量或長度夾角計算內積；第二層：從科學、金融、工程、設計或社會情境建立模型,應用建模,模型選擇與解釋錯誤,4,普高G11數學A,MathAI普高11年級分流語義分類
G11A-G-VEC-DOT-01-T1,G11A-G-VEC-DOT-01,G-11A-6,向量與空間,平面向量運算,平面向量內積,條件變形,由分量或長度夾角計算內積；第二層：加入參數、多步驟、空間/機率條件或跨表徵資訊,進階變形,整體條件控制失敗,4,普高G11數學A,MathAI普高11年級分流語義分類
G11A-G-VEC-DOT-01-X1,G11A-G-VEC-DOT-01,G-11A-6,向量與空間,平面向量運算,平面向量內積,跨主題整合,由分量或長度夾角計算內積；第二層：整合向量、矩陣、函數、三角、機率等多主題,跨章整合,無法辨識知識鏈,5,普高G11數學A,MathAI普高11年級分流語義分類
G11A-G-VEC-PROJ-01-C1,G11A-G-VEC-PROJ-01,G-11A-6,向量與空間,平面向量運算,正射影,概念與條件辨識,以內積求向量投影長與投影向量；第二層：辨認定義、符號、模型條件與適用範圍,概念判斷,混淆定義或忽略限制條件,1,普高G11數學A,MathAI普高11年級分流語義分類
G11A-G-VEC-PROJ-01-P1,G11A-G-VEC-PROJ-01,G-11A-6,向量與空間,平面向量運算,正射影,標準程序,以內積求向量投影長與投影向量；第二層：依標準算法完成計算、推導、解式或矩陣運算,標準程序題,運算流程、符號或公式錯誤,2,普高G11數學A,MathAI普高11年級分流語義分類
G11A-G-VEC-PROJ-01-V1,G11A-G-VEC-PROJ-01,G-11A-6,向量與空間,平面向量運算,正射影,多表徵轉換,以內積求向量投影長與投影向量；第二層：在文字、圖形、向量、矩陣、函數圖與機率表徵間轉換,圖↔式↔表,表徵轉換失去結構,3,普高G11數學A,MathAI普高11年級分流語義分類
G11A-G-VEC-PROJ-01-R1,G11A-G-VEC-PROJ-01,G-11A-6,向量與空間,平面向量運算,正射影,逆向驗證,以內積求向量投影長與投影向量；第二層：由結果反求參數/條件並以代回、幾何或數值檢核,反推/驗算,只會正向套公式,3,普高G11數學A,MathAI普高11年級分流語義分類
G11A-G-VEC-PROJ-01-A1,G11A-G-VEC-PROJ-01,G-11A-6,向量與空間,平面向量運算,正射影,情境建模,以內積求向量投影長與投影向量；第二層：從科學、金融、工程、設計或社會情境建立模型,應用建模,模型選擇與解釋錯誤,4,普高G11數學A,MathAI普高11年級分流語義分類
G11A-G-VEC-PROJ-01-T1,G11A-G-VEC-PROJ-01,G-11A-6,向量與空間,平面向量運算,正射影,條件變形,以內積求向量投影長與投影向量；第二層：加入參數、多步驟、空間/機率條件或跨表徵資訊,進階變形,整體條件控制失敗,4,普高G11數學A,MathAI普高11年級分流語義分類
G11A-G-VEC-PROJ-01-X1,G11A-G-VEC-PROJ-01,G-11A-6,向量與空間,平面向量運算,正射影,跨主題整合,以內積求向量投影長與投影向量；第二層：整合向量、矩陣、函數、三角、機率等多主題,跨章整合,無法辨識知識鏈,5,普高G11數學A,MathAI普高11年級分流語義分類
G11A-G-VEC-AREA-01-C1,G11A-G-VEC-AREA-01,G-11A-6,向量與空間,平面向量運算,二階行列式與面積,概念與條件辨識,用行列式表示平行四邊形/三角形面積；第二層：辨認定義、符號、模型條件與適用範圍,概念判斷,混淆定義或忽略限制條件,1,普高G11數學A,MathAI普高11年級分流語義分類
G11A-G-VEC-AREA-01-P1,G11A-G-VEC-AREA-01,G-11A-6,向量與空間,平面向量運算,二階行列式與面積,標準程序,用行列式表示平行四邊形/三角形面積；第二層：依標準算法完成計算、推導、解式或矩陣運算,標準程序題,運算流程、符號或公式錯誤,2,普高G11數學A,MathAI普高11年級分流語義分類
G11A-G-VEC-AREA-01-V1,G11A-G-VEC-AREA-01,G-11A-6,向量與空間,平面向量運算,二階行列式與面積,多表徵轉換,用行列式表示平行四邊形/三角形面積；第二層：在文字、圖形、向量、矩陣、函數圖與機率表徵間轉換,圖↔式↔表,表徵轉換失去結構,3,普高G11數學A,MathAI普高11年級分流語義分類
G11A-G-VEC-AREA-01-R1,G11A-G-VEC-AREA-01,G-11A-6,向量與空間,平面向量運算,二階行列式與面積,逆向驗證,用行列式表示平行四邊形/三角形面積；第二層：由結果反求參數/條件並以代回、幾何或數值檢核,反推/驗算,只會正向套公式,3,普高G11數學A,MathAI普高11年級分流語義分類
G11A-G-VEC-AREA-01-A1,G11A-G-VEC-AREA-01,G-11A-6,向量與空間,平面向量運算,二階行列式與面積,情境建模,用行列式表示平行四邊形/三角形面積；第二層：從科學、金融、工程、設計或社會情境建立模型,應用建模,模型選擇與解釋錯誤,4,普高G11數學A,MathAI普高11年級分流語義分類
G11A-G-VEC-AREA-01-T1,G11A-G-VEC-AREA-01,G-11A-6,向量與空間,平面向量運算,二階行列式與面積,條件變形,用行列式表示平行四邊形/三角形面積；第二層：加入參數、多步驟、空間/機率條件或跨表徵資訊,進階變形,整體條件控制失敗,4,普高G11數學A,MathAI普高11年級分流語義分類
G11A-G-VEC-AREA-01-X1,G11A-G-VEC-AREA-01,G-11A-6,向量與空間,平面向量運算,二階行列式與面積,跨主題整合,用行列式表示平行四邊形/三角形面積；第二層：整合向量、矩陣、函數、三角、機率等多主題,跨章整合,無法辨識知識鏈,5,普高G11數學A,MathAI普高11年級分流語義分類
G11A-G-VEC-CAUCHY-01-C1,G11A-G-VEC-CAUCHY-01,G-11A-4 / G-11A-6,向量與空間,不等式,三角/柯西不等式,概念與條件辨識,以長度與內積理解三角不等式與柯西；第二層：辨認定義、符號、模型條件與適用範圍,概念判斷,混淆定義或忽略限制條件,1,普高G11數學A,MathAI普高11年級分流語義分類
G11A-G-VEC-CAUCHY-01-P1,G11A-G-VEC-CAUCHY-01,G-11A-4 / G-11A-6,向量與空間,不等式,三角/柯西不等式,標準程序,以長度與內積理解三角不等式與柯西；第二層：依標準算法完成計算、推導、解式或矩陣運算,標準程序題,運算流程、符號或公式錯誤,2,普高G11數學A,MathAI普高11年級分流語義分類
G11A-G-VEC-CAUCHY-01-V1,G11A-G-VEC-CAUCHY-01,G-11A-4 / G-11A-6,向量與空間,不等式,三角/柯西不等式,多表徵轉換,以長度與內積理解三角不等式與柯西；第二層：在文字、圖形、向量、矩陣、函數圖與機率表徵間轉換,圖↔式↔表,表徵轉換失去結構,3,普高G11數學A,MathAI普高11年級分流語義分類
G11A-G-VEC-CAUCHY-01-R1,G11A-G-VEC-CAUCHY-01,G-11A-4 / G-11A-6,向量與空間,不等式,三角/柯西不等式,逆向驗證,以長度與內積理解三角不等式與柯西；第二層：由結果反求參數/條件並以代回、幾何或數值檢核,反推/驗算,只會正向套公式,3,普高G11數學A,MathAI普高11年級分流語義分類
G11A-G-VEC-CAUCHY-01-A1,G11A-G-VEC-CAUCHY-01,G-11A-4 / G-11A-6,向量與空間,不等式,三角/柯西不等式,情境建模,以長度與內積理解三角不等式與柯西；第二層：從科學、金融、工程、設計或社會情境建立模型,應用建模,模型選擇與解釋錯誤,4,普高G11數學A,MathAI普高11年級分流語義分類
G11A-G-VEC-CAUCHY-01-T1,G11A-G-VEC-CAUCHY-01,G-11A-4 / G-11A-6,向量與空間,不等式,三角/柯西不等式,條件變形,以長度與內積理解三角不等式與柯西；第二層：加入參數、多步驟、空間/機率條件或跨表徵資訊,進階變形,整體條件控制失敗,4,普高G11數學A,MathAI普高11年級分流語義分類
G11A-G-VEC-CAUCHY-01-X1,G11A-G-VEC-CAUCHY-01,G-11A-4 / G-11A-6,向量與空間,不等式,三角/柯西不等式,跨主題整合,以長度與內積理解三角不等式與柯西；第二層：整合向量、矩陣、函數、三角、機率等多主題,跨章整合,無法辨識知識鏈,5,普高G11數學A,MathAI普高11年級分流語義分類
G11A-G-SPACECOORD-01-C1,G11A-G-SPACECOORD-01,G-11A-2,向量與空間,空間坐標,空間點坐標與距離,概念與條件辨識,三維坐標、兩點距離與投影；第二層：辨認定義、符號、模型條件與適用範圍,概念判斷,混淆定義或忽略限制條件,1,普高G11數學A,MathAI普高11年級分流語義分類
G11A-G-SPACECOORD-01-P1,G11A-G-SPACECOORD-01,G-11A-2,向量與空間,空間坐標,空間點坐標與距離,標準程序,三維坐標、兩點距離與投影；第二層：依標準算法完成計算、推導、解式或矩陣運算,標準程序題,運算流程、符號或公式錯誤,2,普高G11數學A,MathAI普高11年級分流語義分類
G11A-G-SPACECOORD-01-V1,G11A-G-SPACECOORD-01,G-11A-2,向量與空間,空間坐標,空間點坐標與距離,多表徵轉換,三維坐標、兩點距離與投影；第二層：在文字、圖形、向量、矩陣、函數圖與機率表徵間轉換,圖↔式↔表,表徵轉換失去結構,3,普高G11數學A,MathAI普高11年級分流語義分類
G11A-G-SPACECOORD-01-R1,G11A-G-SPACECOORD-01,G-11A-2,向量與空間,空間坐標,空間點坐標與距離,逆向驗證,三維坐標、兩點距離與投影；第二層：由結果反求參數/條件並以代回、幾何或數值檢核,反推/驗算,只會正向套公式,3,普高G11數學A,MathAI普高11年級分流語義分類
G11A-G-SPACECOORD-01-A1,G11A-G-SPACECOORD-01,G-11A-2,向量與空間,空間坐標,空間點坐標與距離,情境建模,三維坐標、兩點距離與投影；第二層：從科學、金融、工程、設計或社會情境建立模型,應用建模,模型選擇與解釋錯誤,4,普高G11數學A,MathAI普高11年級分流語義分類
G11A-G-SPACECOORD-01-T1,G11A-G-SPACECOORD-01,G-11A-2,向量與空間,空間坐標,空間點坐標與距離,條件變形,三維坐標、兩點距離與投影；第二層：加入參數、多步驟、空間/機率條件或跨表徵資訊,進階變形,整體條件控制失敗,4,普高G11數學A,MathAI普高11年級分流語義分類
G11A-G-SPACEVEC-01-C1,G11A-G-SPACEVEC-01,G-11A-3,向量與空間,空間向量,空間向量線性組合,概念與條件辨識,三維向量加減與係數積；第二層：辨認定義、符號、模型條件與適用範圍,概念判斷,混淆定義或忽略限制條件,1,普高G11數學A,MathAI普高11年級分流語義分類
G11A-G-SPACEVEC-01-P1,G11A-G-SPACEVEC-01,G-11A-3,向量與空間,空間向量,空間向量線性組合,標準程序,三維向量加減與係數積；第二層：依標準算法完成計算、推導、解式或矩陣運算,標準程序題,運算流程、符號或公式錯誤,2,普高G11數學A,MathAI普高11年級分流語義分類
G11A-G-SPACEVEC-01-V1,G11A-G-SPACEVEC-01,G-11A-3,向量與空間,空間向量,空間向量線性組合,多表徵轉換,三維向量加減與係數積；第二層：在文字、圖形、向量、矩陣、函數圖與機率表徵間轉換,圖↔式↔表,表徵轉換失去結構,3,普高G11數學A,MathAI普高11年級分流語義分類
G11A-G-SPACEVEC-01-R1,G11A-G-SPACEVEC-01,G-11A-3,向量與空間,空間向量,空間向量線性組合,逆向驗證,三維向量加減與係數積；第二層：由結果反求參數/條件並以代回、幾何或數值檢核,反推/驗算,只會正向套公式,3,普高G11數學A,MathAI普高11年級分流語義分類
G11A-G-SPACEVEC-01-A1,G11A-G-SPACEVEC-01,G-11A-3,向量與空間,空間向量,空間向量線性組合,情境建模,三維向量加減與係數積；第二層：從科學、金融、工程、設計或社會情境建立模型,應用建模,模型選擇與解釋錯誤,4,普高G11數學A,MathAI普高11年級分流語義分類
G11A-G-SPACEVEC-01-T1,G11A-G-SPACEVEC-01,G-11A-3,向量與空間,空間向量,空間向量線性組合,條件變形,三維向量加減與係數積；第二層：加入參數、多步驟、空間/機率條件或跨表徵資訊,進階變形,整體條件控制失敗,4,普高G11數學A,MathAI普高11年級分流語義分類
G11A-G-SPACEVEC-01-X1,G11A-G-SPACEVEC-01,G-11A-3,向量與空間,空間向量,空間向量線性組合,跨主題整合,三維向量加減與係數積；第二層：整合向量、矩陣、函數、三角、機率等多主題,跨章整合,無法辨識知識鏈,5,普高G11數學A,MathAI普高11年級分流語義分類
G11A-G-SPACE-DOT-01-C1,G11A-G-SPACE-DOT-01,G-11A-7,向量與空間,空間向量運算,空間向量內積,概念與條件辨識,判平行垂直、夾角與正射影；第二層：辨認定義、符號、模型條件與適用範圍,概念判斷,混淆定義或忽略限制條件,1,普高G11數學A,MathAI普高11年級分流語義分類
G11A-G-SPACE-DOT-01-P1,G11A-G-SPACE-DOT-01,G-11A-7,向量與空間,空間向量運算,空間向量內積,標準程序,判平行垂直、夾角與正射影；第二層：依標準算法完成計算、推導、解式或矩陣運算,標準程序題,運算流程、符號或公式錯誤,2,普高G11數學A,MathAI普高11年級分流語義分類
G11A-G-SPACE-DOT-01-V1,G11A-G-SPACE-DOT-01,G-11A-7,向量與空間,空間向量運算,空間向量內積,多表徵轉換,判平行垂直、夾角與正射影；第二層：在文字、圖形、向量、矩陣、函數圖與機率表徵間轉換,圖↔式↔表,表徵轉換失去結構,3,普高G11數學A,MathAI普高11年級分流語義分類
G11A-G-SPACE-DOT-01-R1,G11A-G-SPACE-DOT-01,G-11A-7,向量與空間,空間向量運算,空間向量內積,逆向驗證,判平行垂直、夾角與正射影；第二層：由結果反求參數/條件並以代回、幾何或數值檢核,反推/驗算,只會正向套公式,3,普高G11數學A,MathAI普高11年級分流語義分類
G11A-G-SPACE-DOT-01-A1,G11A-G-SPACE-DOT-01,G-11A-7,向量與空間,空間向量運算,空間向量內積,情境建模,判平行垂直、夾角與正射影；第二層：從科學、金融、工程、設計或社會情境建立模型,應用建模,模型選擇與解釋錯誤,4,普高G11數學A,MathAI普高11年級分流語義分類
G11A-G-SPACE-DOT-01-T1,G11A-G-SPACE-DOT-01,G-11A-7,向量與空間,空間向量運算,空間向量內積,條件變形,判平行垂直、夾角與正射影；第二層：加入參數、多步驟、空間/機率條件或跨表徵資訊,進階變形,整體條件控制失敗,4,普高G11數學A,MathAI普高11年級分流語義分類
G11A-G-SPACE-DOT-01-X1,G11A-G-SPACE-DOT-01,G-11A-7,向量與空間,空間向量運算,空間向量內積,跨主題整合,判平行垂直、夾角與正射影；第二層：整合向量、矩陣、函數、三角、機率等多主題,跨章整合,無法辨識知識鏈,5,普高G11數學A,MathAI普高11年級分流語義分類
G11A-G-CROSS-01-C1,G11A-G-CROSS-01,G-11A-7,向量與空間,空間向量運算,外積,概念與條件辨識,理解外積方向與面積意義；第二層：辨認定義、符號、模型條件與適用範圍,概念判斷,混淆定義或忽略限制條件,1,普高G11數學A,MathAI普高11年級分流語義分類
G11A-G-CROSS-01-P1,G11A-G-CROSS-01,G-11A-7,向量與空間,空間向量運算,外積,標準程序,理解外積方向與面積意義；第二層：依標準算法完成計算、推導、解式或矩陣運算,標準程序題,運算流程、符號或公式錯誤,2,普高G11數學A,MathAI普高11年級分流語義分類
G11A-G-CROSS-01-V1,G11A-G-CROSS-01,G-11A-7,向量與空間,空間向量運算,外積,多表徵轉換,理解外積方向與面積意義；第二層：在文字、圖形、向量、矩陣、函數圖與機率表徵間轉換,圖↔式↔表,表徵轉換失去結構,3,普高G11數學A,MathAI普高11年級分流語義分類
G11A-G-CROSS-01-R1,G11A-G-CROSS-01,G-11A-7,向量與空間,空間向量運算,外積,逆向驗證,理解外積方向與面積意義；第二層：由結果反求參數/條件並以代回、幾何或數值檢核,反推/驗算,只會正向套公式,3,普高G11數學A,MathAI普高11年級分流語義分類
G11A-G-CROSS-01-A1,G11A-G-CROSS-01,G-11A-7,向量與空間,空間向量運算,外積,情境建模,理解外積方向與面積意義；第二層：從科學、金融、工程、設計或社會情境建立模型,應用建模,模型選擇與解釋錯誤,4,普高G11數學A,MathAI普高11年級分流語義分類
G11A-G-CROSS-01-T1,G11A-G-CROSS-01,G-11A-7,向量與空間,空間向量運算,外積,條件變形,理解外積方向與面積意義；第二層：加入參數、多步驟、空間/機率條件或跨表徵資訊,進階變形,整體條件控制失敗,4,普高G11數學A,MathAI普高11年級分流語義分類
G11A-G-CROSS-01-X1,G11A-G-CROSS-01,G-11A-7,向量與空間,空間向量運算,外積,跨主題整合,理解外積方向與面積意義；第二層：整合向量、矩陣、函數、三角、機率等多主題,跨章整合,無法辨識知識鏈,5,普高G11數學A,MathAI普高11年級分流語義分類
G11A-G-DET3-01-C1,G11A-G-DET3-01,G-11A-8,向量與空間,三階行列式,三重積,概念與條件辨識,以三階行列式求平行六面體體積；第二層：辨認定義、符號、模型條件與適用範圍,概念判斷,混淆定義或忽略限制條件,1,普高G11數學A,MathAI普高11年級分流語義分類
G11A-G-DET3-01-P1,G11A-G-DET3-01,G-11A-8,向量與空間,三階行列式,三重積,標準程序,以三階行列式求平行六面體體積；第二層：依標準算法完成計算、推導、解式或矩陣運算,標準程序題,運算流程、符號或公式錯誤,2,普高G11數學A,MathAI普高11年級分流語義分類
G11A-G-DET3-01-V1,G11A-G-DET3-01,G-11A-8,向量與空間,三階行列式,三重積,多表徵轉換,以三階行列式求平行六面體體積；第二層：在文字、圖形、向量、矩陣、函數圖與機率表徵間轉換,圖↔式↔表,表徵轉換失去結構,3,普高G11數學A,MathAI普高11年級分流語義分類
G11A-G-DET3-01-R1,G11A-G-DET3-01,G-11A-8,向量與空間,三階行列式,三重積,逆向驗證,以三階行列式求平行六面體體積；第二層：由結果反求參數/條件並以代回、幾何或數值檢核,反推/驗算,只會正向套公式,3,普高G11數學A,MathAI普高11年級分流語義分類
G11A-G-DET3-01-A1,G11A-G-DET3-01,G-11A-8,向量與空間,三階行列式,三重積,情境建模,以三階行列式求平行六面體體積；第二層：從科學、金融、工程、設計或社會情境建立模型,應用建模,模型選擇與解釋錯誤,4,普高G11數學A,MathAI普高11年級分流語義分類
G11A-G-DET3-01-T1,G11A-G-DET3-01,G-11A-8,向量與空間,三階行列式,三重積,條件變形,以三階行列式求平行六面體體積；第二層：加入參數、多步驟、空間/機率條件或跨表徵資訊,進階變形,整體條件控制失敗,4,普高G11數學A,MathAI普高11年級分流語義分類
G11A-G-DET3-01-X1,G11A-G-DET3-01,G-11A-8,向量與空間,三階行列式,三重積,跨主題整合,以三階行列式求平行六面體體積；第二層：整合向量、矩陣、函數、三角、機率等多主題,跨章整合,無法辨識知識鏈,5,普高G11數學A,MathAI普高11年級分流語義分類
G11A-S-SPACE-01-C1,G11A-S-SPACE-01,S-11A-1,向量與空間,空間概念,線線線面面面關係,概念與條件辨識,辨認平行、垂直、歪斜與兩面角；第二層：辨認定義、符號、模型條件與適用範圍,概念判斷,混淆定義或忽略限制條件,1,普高G11數學A,MathAI普高11年級分流語義分類
G11A-S-SPACE-01-P1,G11A-S-SPACE-01,S-11A-1,向量與空間,空間概念,線線線面面面關係,標準程序,辨認平行、垂直、歪斜與兩面角；第二層：依標準算法完成計算、推導、解式或矩陣運算,標準程序題,運算流程、符號或公式錯誤,2,普高G11數學A,MathAI普高11年級分流語義分類
G11A-S-SPACE-01-V1,G11A-S-SPACE-01,S-11A-1,向量與空間,空間概念,線線線面面面關係,多表徵轉換,辨認平行、垂直、歪斜與兩面角；第二層：在文字、圖形、向量、矩陣、函數圖與機率表徵間轉換,圖↔式↔表,表徵轉換失去結構,3,普高G11數學A,MathAI普高11年級分流語義分類
G11A-S-SPACE-01-R1,G11A-S-SPACE-01,S-11A-1,向量與空間,空間概念,線線線面面面關係,逆向驗證,辨認平行、垂直、歪斜與兩面角；第二層：由結果反求參數/條件並以代回、幾何或數值檢核,反推/驗算,只會正向套公式,3,普高G11數學A,MathAI普高11年級分流語義分類
G11A-S-SPACE-01-A1,G11A-S-SPACE-01,S-11A-1,向量與空間,空間概念,線線線面面面關係,情境建模,辨認平行、垂直、歪斜與兩面角；第二層：從科學、金融、工程、設計或社會情境建立模型,應用建模,模型選擇與解釋錯誤,4,普高G11數學A,MathAI普高11年級分流語義分類
G11A-S-SPACE-01-T1,G11A-S-SPACE-01,S-11A-1,向量與空間,空間概念,線線線面面面關係,條件變形,辨認平行、垂直、歪斜與兩面角；第二層：加入參數、多步驟、空間/機率條件或跨表徵資訊,進階變形,整體條件控制失敗,4,普高G11數學A,MathAI普高11年級分流語義分類
G11A-S-SPACE-01-X1,G11A-S-SPACE-01,S-11A-1,向量與空間,空間概念,線線線面面面關係,跨主題整合,辨認平行、垂直、歪斜與兩面角；第二層：整合向量、矩陣、函數、三角、機率等多主題,跨章整合,無法辨識知識鏈,5,普高G11數學A,MathAI普高11年級分流語義分類
G11A-S-THREEPERP-01-C1,G11A-S-THREEPERP-01,S-11A-1,向量與空間,空間概念,三垂線定理,概念與條件辨識,在空間幾何中辨認與使用三垂線關係；第二層：辨認定義、符號、模型條件與適用範圍,概念判斷,混淆定義或忽略限制條件,1,普高G11數學A,MathAI普高11年級分流語義分類
G11A-S-THREEPERP-01-P1,G11A-S-THREEPERP-01,S-11A-1,向量與空間,空間概念,三垂線定理,標準程序,在空間幾何中辨認與使用三垂線關係；第二層：依標準算法完成計算、推導、解式或矩陣運算,標準程序題,運算流程、符號或公式錯誤,2,普高G11數學A,MathAI普高11年級分流語義分類
G11A-S-THREEPERP-01-V1,G11A-S-THREEPERP-01,S-11A-1,向量與空間,空間概念,三垂線定理,多表徵轉換,在空間幾何中辨認與使用三垂線關係；第二層：在文字、圖形、向量、矩陣、函數圖與機率表徵間轉換,圖↔式↔表,表徵轉換失去結構,3,普高G11數學A,MathAI普高11年級分流語義分類
G11A-S-THREEPERP-01-R1,G11A-S-THREEPERP-01,S-11A-1,向量與空間,空間概念,三垂線定理,逆向驗證,在空間幾何中辨認與使用三垂線關係；第二層：由結果反求參數/條件並以代回、幾何或數值檢核,反推/驗算,只會正向套公式,3,普高G11數學A,MathAI普高11年級分流語義分類
G11A-S-THREEPERP-01-A1,G11A-S-THREEPERP-01,S-11A-1,向量與空間,空間概念,三垂線定理,情境建模,在空間幾何中辨認與使用三垂線關係；第二層：從科學、金融、工程、設計或社會情境建立模型,應用建模,模型選擇與解釋錯誤,4,普高G11數學A,MathAI普高11年級分流語義分類
G11A-S-THREEPERP-01-T1,G11A-S-THREEPERP-01,S-11A-1,向量與空間,空間概念,三垂線定理,條件變形,在空間幾何中辨認與使用三垂線關係；第二層：加入參數、多步驟、空間/機率條件或跨表徵資訊,進階變形,整體條件控制失敗,4,普高G11數學A,MathAI普高11年級分流語義分類
G11A-S-THREEPERP-01-X1,G11A-S-THREEPERP-01,S-11A-1,向量與空間,空間概念,三垂線定理,跨主題整合,在空間幾何中辨認與使用三垂線關係；第二層：整合向量、矩陣、函數、三角、機率等多主題,跨章整合,無法辨識知識鏈,5,普高G11數學A,MathAI普高11年級分流語義分類
G11A-G-PLANE-01-C1,G11A-G-PLANE-01,G-11A-9,向量與空間,平面方程式,法向量與平面標準式,概念與條件辨識,由點與法向量寫平面方程式；第二層：辨認定義、符號、模型條件與適用範圍,概念判斷,混淆定義或忽略限制條件,1,普高G11數學A,MathAI普高11年級分流語義分類
G11A-G-PLANE-01-P1,G11A-G-PLANE-01,G-11A-9,向量與空間,平面方程式,法向量與平面標準式,標準程序,由點與法向量寫平面方程式；第二層：依標準算法完成計算、推導、解式或矩陣運算,標準程序題,運算流程、符號或公式錯誤,2,普高G11數學A,MathAI普高11年級分流語義分類
G11A-G-PLANE-01-V1,G11A-G-PLANE-01,G-11A-9,向量與空間,平面方程式,法向量與平面標準式,多表徵轉換,由點與法向量寫平面方程式；第二層：在文字、圖形、向量、矩陣、函數圖與機率表徵間轉換,圖↔式↔表,表徵轉換失去結構,3,普高G11數學A,MathAI普高11年級分流語義分類
G11A-G-PLANE-01-R1,G11A-G-PLANE-01,G-11A-9,向量與空間,平面方程式,法向量與平面標準式,逆向驗證,由點與法向量寫平面方程式；第二層：由結果反求參數/條件並以代回、幾何或數值檢核,反推/驗算,只會正向套公式,3,普高G11數學A,MathAI普高11年級分流語義分類
G11A-G-PLANE-01-A1,G11A-G-PLANE-01,G-11A-9,向量與空間,平面方程式,法向量與平面標準式,情境建模,由點與法向量寫平面方程式；第二層：從科學、金融、工程、設計或社會情境建立模型,應用建模,模型選擇與解釋錯誤,4,普高G11數學A,MathAI普高11年級分流語義分類
G11A-G-PLANE-01-T1,G11A-G-PLANE-01,G-11A-9,向量與空間,平面方程式,法向量與平面標準式,條件變形,由點與法向量寫平面方程式；第二層：加入參數、多步驟、空間/機率條件或跨表徵資訊,進階變形,整體條件控制失敗,4,普高G11數學A,MathAI普高11年級分流語義分類
G11A-G-PLANE-01-X1,G11A-G-PLANE-01,G-11A-9,向量與空間,平面方程式,法向量與平面標準式,跨主題整合,由點與法向量寫平面方程式；第二層：整合向量、矩陣、函數、三角、機率等多主題,跨章整合,無法辨識知識鏈,5,普高G11數學A,MathAI普高11年級分流語義分類
G11A-G-PLANEANGLE-01-C1,G11A-G-PLANEANGLE-01,G-11A-9,向量與空間,平面方程式,兩平面夾角,概念與條件辨識,以法向量內積求夾角；第二層：辨認定義、符號、模型條件與適用範圍,概念判斷,混淆定義或忽略限制條件,1,普高G11數學A,MathAI普高11年級分流語義分類
G11A-G-PLANEANGLE-01-P1,G11A-G-PLANEANGLE-01,G-11A-9,向量與空間,平面方程式,兩平面夾角,標準程序,以法向量內積求夾角；第二層：依標準算法完成計算、推導、解式或矩陣運算,標準程序題,運算流程、符號或公式錯誤,2,普高G11數學A,MathAI普高11年級分流語義分類
G11A-G-PLANEANGLE-01-V1,G11A-G-PLANEANGLE-01,G-11A-9,向量與空間,平面方程式,兩平面夾角,多表徵轉換,以法向量內積求夾角；第二層：在文字、圖形、向量、矩陣、函數圖與機率表徵間轉換,圖↔式↔表,表徵轉換失去結構,3,普高G11數學A,MathAI普高11年級分流語義分類
G11A-G-PLANEANGLE-01-R1,G11A-G-PLANEANGLE-01,G-11A-9,向量與空間,平面方程式,兩平面夾角,逆向驗證,以法向量內積求夾角；第二層：由結果反求參數/條件並以代回、幾何或數值檢核,反推/驗算,只會正向套公式,3,普高G11數學A,MathAI普高11年級分流語義分類
G11A-G-PLANEANGLE-01-A1,G11A-G-PLANEANGLE-01,G-11A-9,向量與空間,平面方程式,兩平面夾角,情境建模,以法向量內積求夾角；第二層：從科學、金融、工程、設計或社會情境建立模型,應用建模,模型選擇與解釋錯誤,4,普高G11數學A,MathAI普高11年級分流語義分類
G11A-G-PLANEANGLE-01-T1,G11A-G-PLANEANGLE-01,G-11A-9,向量與空間,平面方程式,兩平面夾角,條件變形,以法向量內積求夾角；第二層：加入參數、多步驟、空間/機率條件或跨表徵資訊,進階變形,整體條件控制失敗,4,普高G11數學A,MathAI普高11年級分流語義分類
G11A-G-PLANEANGLE-01-X1,G11A-G-PLANEANGLE-01,G-11A-9,向量與空間,平面方程式,兩平面夾角,跨主題整合,以法向量內積求夾角；第二層：整合向量、矩陣、函數、三角、機率等多主題,跨章整合,無法辨識知識鏈,5,普高G11數學A,MathAI普高11年級分流語義分類
G11A-G-POINTPLANE-01-C1,G11A-G-POINTPLANE-01,G-11A-9,向量與空間,平面方程式,點到平面距離,概念與條件辨識,由標準式計算距離；第二層：辨認定義、符號、模型條件與適用範圍,概念判斷,混淆定義或忽略限制條件,1,普高G11數學A,MathAI普高11年級分流語義分類
G11A-G-POINTPLANE-01-P1,G11A-G-POINTPLANE-01,G-11A-9,向量與空間,平面方程式,點到平面距離,標準程序,由標準式計算距離；第二層：依標準算法完成計算、推導、解式或矩陣運算,標準程序題,運算流程、符號或公式錯誤,2,普高G11數學A,MathAI普高11年級分流語義分類
G11A-G-POINTPLANE-01-V1,G11A-G-POINTPLANE-01,G-11A-9,向量與空間,平面方程式,點到平面距離,多表徵轉換,由標準式計算距離；第二層：在文字、圖形、向量、矩陣、函數圖與機率表徵間轉換,圖↔式↔表,表徵轉換失去結構,3,普高G11數學A,MathAI普高11年級分流語義分類
G11A-G-POINTPLANE-01-R1,G11A-G-POINTPLANE-01,G-11A-9,向量與空間,平面方程式,點到平面距離,逆向驗證,由標準式計算距離；第二層：由結果反求參數/條件並以代回、幾何或數值檢核,反推/驗算,只會正向套公式,3,普高G11數學A,MathAI普高11年級分流語義分類
G11A-G-POINTPLANE-01-A1,G11A-G-POINTPLANE-01,G-11A-9,向量與空間,平面方程式,點到平面距離,情境建模,由標準式計算距離；第二層：從科學、金融、工程、設計或社會情境建立模型,應用建模,模型選擇與解釋錯誤,4,普高G11數學A,MathAI普高11年級分流語義分類
G11A-G-POINTPLANE-01-T1,G11A-G-POINTPLANE-01,G-11A-9,向量與空間,平面方程式,點到平面距離,條件變形,由標準式計算距離；第二層：加入參數、多步驟、空間/機率條件或跨表徵資訊,進階變形,整體條件控制失敗,4,普高G11數學A,MathAI普高11年級分流語義分類
G11A-G-POINTPLANE-01-X1,G11A-G-POINTPLANE-01,G-11A-9,向量與空間,平面方程式,點到平面距離,跨主題整合,由標準式計算距離；第二層：整合向量、矩陣、函數、三角、機率等多主題,跨章整合,無法辨識知識鏈,5,普高G11數學A,MathAI普高11年級分流語義分類
G11A-G-SPACELINE-01-C1,G11A-G-SPACELINE-01,G-11A-10,向量與空間,空間直線,參數式與比例式,概念與條件辨識,由點與方向向量表示空間直線；第二層：辨認定義、符號、模型條件與適用範圍,概念判斷,混淆定義或忽略限制條件,1,普高G11數學A,MathAI普高11年級分流語義分類
G11A-G-SPACELINE-01-P1,G11A-G-SPACELINE-01,G-11A-10,向量與空間,空間直線,參數式與比例式,標準程序,由點與方向向量表示空間直線；第二層：依標準算法完成計算、推導、解式或矩陣運算,標準程序題,運算流程、符號或公式錯誤,2,普高G11數學A,MathAI普高11年級分流語義分類
G11A-G-SPACELINE-01-V1,G11A-G-SPACELINE-01,G-11A-10,向量與空間,空間直線,參數式與比例式,多表徵轉換,由點與方向向量表示空間直線；第二層：在文字、圖形、向量、矩陣、函數圖與機率表徵間轉換,圖↔式↔表,表徵轉換失去結構,3,普高G11數學A,MathAI普高11年級分流語義分類
G11A-G-SPACELINE-01-R1,G11A-G-SPACELINE-01,G-11A-10,向量與空間,空間直線,參數式與比例式,逆向驗證,由點與方向向量表示空間直線；第二層：由結果反求參數/條件並以代回、幾何或數值檢核,反推/驗算,只會正向套公式,3,普高G11數學A,MathAI普高11年級分流語義分類
G11A-G-SPACELINE-01-A1,G11A-G-SPACELINE-01,G-11A-10,向量與空間,空間直線,參數式與比例式,情境建模,由點與方向向量表示空間直線；第二層：從科學、金融、工程、設計或社會情境建立模型,應用建模,模型選擇與解釋錯誤,4,普高G11數學A,MathAI普高11年級分流語義分類
G11A-G-SPACELINE-01-T1,G11A-G-SPACELINE-01,G-11A-10,向量與空間,空間直線,參數式與比例式,條件變形,由點與方向向量表示空間直線；第二層：加入參數、多步驟、空間/機率條件或跨表徵資訊,進階變形,整體條件控制失敗,4,普高G11數學A,MathAI普高11年級分流語義分類
G11A-G-SPACELINE-01-X1,G11A-G-SPACELINE-01,G-11A-10,向量與空間,空間直線,參數式與比例式,跨主題整合,由點與方向向量表示空間直線；第二層：整合向量、矩陣、函數、三角、機率等多主題,跨章整合,無法辨識知識鏈,5,普高G11數學A,MathAI普高11年級分流語義分類
G11A-G-LINEPLANE-01-C1,G11A-G-LINEPLANE-01,G-11A-10,向量與空間,空間直線,直線與平面關係,概念與條件辨識,用方向向量與法向量判平行/垂直/相交；第二層：辨認定義、符號、模型條件與適用範圍,概念判斷,混淆定義或忽略限制條件,1,普高G11數學A,MathAI普高11年級分流語義分類
G11A-G-LINEPLANE-01-P1,G11A-G-LINEPLANE-01,G-11A-10,向量與空間,空間直線,直線與平面關係,標準程序,用方向向量與法向量判平行/垂直/相交；第二層：依標準算法完成計算、推導、解式或矩陣運算,標準程序題,運算流程、符號或公式錯誤,2,普高G11數學A,MathAI普高11年級分流語義分類
G11A-G-LINEPLANE-01-V1,G11A-G-LINEPLANE-01,G-11A-10,向量與空間,空間直線,直線與平面關係,多表徵轉換,用方向向量與法向量判平行/垂直/相交；第二層：在文字、圖形、向量、矩陣、函數圖與機率表徵間轉換,圖↔式↔表,表徵轉換失去結構,3,普高G11數學A,MathAI普高11年級分流語義分類
G11A-G-LINEPLANE-01-R1,G11A-G-LINEPLANE-01,G-11A-10,向量與空間,空間直線,直線與平面關係,逆向驗證,用方向向量與法向量判平行/垂直/相交；第二層：由結果反求參數/條件並以代回、幾何或數值檢核,反推/驗算,只會正向套公式,3,普高G11數學A,MathAI普高11年級分流語義分類
G11A-G-LINEPLANE-01-A1,G11A-G-LINEPLANE-01,G-11A-10,向量與空間,空間直線,直線與平面關係,情境建模,用方向向量與法向量判平行/垂直/相交；第二層：從科學、金融、工程、設計或社會情境建立模型,應用建模,模型選擇與解釋錯誤,4,普高G11數學A,MathAI普高11年級分流語義分類
G11A-G-LINEPLANE-01-T1,G11A-G-LINEPLANE-01,G-11A-10,向量與空間,空間直線,直線與平面關係,條件變形,用方向向量與法向量判平行/垂直/相交；第二層：加入參數、多步驟、空間/機率條件或跨表徵資訊,進階變形,整體條件控制失敗,4,普高G11數學A,MathAI普高11年級分流語義分類
G11A-G-LINEPLANE-01-X1,G11A-G-LINEPLANE-01,G-11A-10,向量與空間,空間直線,直線與平面關係,跨主題整合,用方向向量與法向量判平行/垂直/相交；第二層：整合向量、矩陣、函數、三角、機率等多主題,跨章整合,無法辨識知識鏈,5,普高G11數學A,MathAI普高11年級分流語義分類
G11A-G-SKEWDIST-01-C1,G11A-G-SKEWDIST-01,G-11A-10,向量與空間,空間直線,平行/歪斜線距離,概念與條件辨識,使用向量與投影處理距離；第二層：辨認定義、符號、模型條件與適用範圍,概念判斷,混淆定義或忽略限制條件,1,普高G11數學A,MathAI普高11年級分流語義分類
G11A-G-SKEWDIST-01-P1,G11A-G-SKEWDIST-01,G-11A-10,向量與空間,空間直線,平行/歪斜線距離,標準程序,使用向量與投影處理距離；第二層：依標準算法完成計算、推導、解式或矩陣運算,標準程序題,運算流程、符號或公式錯誤,2,普高G11數學A,MathAI普高11年級分流語義分類
G11A-G-SKEWDIST-01-V1,G11A-G-SKEWDIST-01,G-11A-10,向量與空間,空間直線,平行/歪斜線距離,多表徵轉換,使用向量與投影處理距離；第二層：在文字、圖形、向量、矩陣、函數圖與機率表徵間轉換,圖↔式↔表,表徵轉換失去結構,3,普高G11數學A,MathAI普高11年級分流語義分類
G11A-G-SKEWDIST-01-R1,G11A-G-SKEWDIST-01,G-11A-10,向量與空間,空間直線,平行/歪斜線距離,逆向驗證,使用向量與投影處理距離；第二層：由結果反求參數/條件並以代回、幾何或數值檢核,反推/驗算,只會正向套公式,3,普高G11數學A,MathAI普高11年級分流語義分類
G11A-G-SKEWDIST-01-A1,G11A-G-SKEWDIST-01,G-11A-10,向量與空間,空間直線,平行/歪斜線距離,情境建模,使用向量與投影處理距離；第二層：從科學、金融、工程、設計或社會情境建立模型,應用建模,模型選擇與解釋錯誤,4,普高G11數學A,MathAI普高11年級分流語義分類
G11A-G-SKEWDIST-01-T1,G11A-G-SKEWDIST-01,G-11A-10,向量與空間,空間直線,平行/歪斜線距離,條件變形,使用向量與投影處理距離；第二層：加入參數、多步驟、空間/機率條件或跨表徵資訊,進階變形,整體條件控制失敗,4,普高G11數學A,MathAI普高11年級分流語義分類
G11A-G-SKEWDIST-01-X1,G11A-G-SKEWDIST-01,G-11A-10,向量與空間,空間直線,平行/歪斜線距離,跨主題整合,使用向量與投影處理距離；第二層：整合向量、矩陣、函數、三角、機率等多主題,跨章整合,無法辨識知識鏈,5,普高G11數學A,MathAI普高11年級分流語義分類
G11A-A-MAT2SYS-01-C1,G11A-A-MAT2SYS-01,A-11A-1,矩陣與方程組,矩陣表達,二元方程組矩陣化,概念與條件辨識,理解方陣乘向量的線性組合意涵；第二層：辨認定義、符號、模型條件與適用範圍,概念判斷,混淆定義或忽略限制條件,1,普高G11數學A,MathAI普高11年級分流語義分類
G11A-A-MAT2SYS-01-P1,G11A-A-MAT2SYS-01,A-11A-1,矩陣與方程組,矩陣表達,二元方程組矩陣化,標準程序,理解方陣乘向量的線性組合意涵；第二層：依標準算法完成計算、推導、解式或矩陣運算,標準程序題,運算流程、符號或公式錯誤,2,普高G11數學A,MathAI普高11年級分流語義分類
G11A-A-MAT2SYS-01-V1,G11A-A-MAT2SYS-01,A-11A-1,矩陣與方程組,矩陣表達,二元方程組矩陣化,多表徵轉換,理解方陣乘向量的線性組合意涵；第二層：在文字、圖形、向量、矩陣、函數圖與機率表徵間轉換,圖↔式↔表,表徵轉換失去結構,3,普高G11數學A,MathAI普高11年級分流語義分類
G11A-A-MAT2SYS-01-R1,G11A-A-MAT2SYS-01,A-11A-1,矩陣與方程組,矩陣表達,二元方程組矩陣化,逆向驗證,理解方陣乘向量的線性組合意涵；第二層：由結果反求參數/條件並以代回、幾何或數值檢核,反推/驗算,只會正向套公式,3,普高G11數學A,MathAI普高11年級分流語義分類
G11A-A-MAT2SYS-01-A1,G11A-A-MAT2SYS-01,A-11A-1,矩陣與方程組,矩陣表達,二元方程組矩陣化,情境建模,理解方陣乘向量的線性組合意涵；第二層：從科學、金融、工程、設計或社會情境建立模型,應用建模,模型選擇與解釋錯誤,4,普高G11數學A,MathAI普高11年級分流語義分類
G11A-A-MAT2SYS-01-T1,G11A-A-MAT2SYS-01,A-11A-1,矩陣與方程組,矩陣表達,二元方程組矩陣化,條件變形,理解方陣乘向量的線性組合意涵；第二層：加入參數、多步驟、空間/機率條件或跨表徵資訊,進階變形,整體條件控制失敗,4,普高G11數學A,MathAI普高11年級分流語義分類
G11A-A-MAT2SYS-01-X1,G11A-A-MAT2SYS-01,A-11A-1,矩陣與方程組,矩陣表達,二元方程組矩陣化,跨主題整合,理解方陣乘向量的線性組合意涵；第二層：整合向量、矩陣、函數、三角、機率等多主題,跨章整合,無法辨識知識鏈,5,普高G11數學A,MathAI普高11年級分流語義分類
G11A-A-CRAMER-01-C1,G11A-A-CRAMER-01,A-11A-1,矩陣與方程組,二元方程組,克拉瑪公式,概念與條件辨識,以二階行列式連結唯一解與面積；第二層：辨認定義、符號、模型條件與適用範圍,概念判斷,混淆定義或忽略限制條件,1,普高G11數學A,MathAI普高11年級分流語義分類
G11A-A-CRAMER-01-P1,G11A-A-CRAMER-01,A-11A-1,矩陣與方程組,二元方程組,克拉瑪公式,標準程序,以二階行列式連結唯一解與面積；第二層：依標準算法完成計算、推導、解式或矩陣運算,標準程序題,運算流程、符號或公式錯誤,2,普高G11數學A,MathAI普高11年級分流語義分類
G11A-A-CRAMER-01-V1,G11A-A-CRAMER-01,A-11A-1,矩陣與方程組,二元方程組,克拉瑪公式,多表徵轉換,以二階行列式連結唯一解與面積；第二層：在文字、圖形、向量、矩陣、函數圖與機率表徵間轉換,圖↔式↔表,表徵轉換失去結構,3,普高G11數學A,MathAI普高11年級分流語義分類
G11A-A-CRAMER-01-R1,G11A-A-CRAMER-01,A-11A-1,矩陣與方程組,二元方程組,克拉瑪公式,逆向驗證,以二階行列式連結唯一解與面積；第二層：由結果反求參數/條件並以代回、幾何或數值檢核,反推/驗算,只會正向套公式,3,普高G11數學A,MathAI普高11年級分流語義分類
G11A-A-CRAMER-01-A1,G11A-A-CRAMER-01,A-11A-1,矩陣與方程組,二元方程組,克拉瑪公式,情境建模,以二階行列式連結唯一解與面積；第二層：從科學、金融、工程、設計或社會情境建立模型,應用建模,模型選擇與解釋錯誤,4,普高G11數學A,MathAI普高11年級分流語義分類
G11A-A-CRAMER-01-T1,G11A-A-CRAMER-01,A-11A-1,矩陣與方程組,二元方程組,克拉瑪公式,條件變形,以二階行列式連結唯一解與面積；第二層：加入參數、多步驟、空間/機率條件或跨表徵資訊,進階變形,整體條件控制失敗,4,普高G11數學A,MathAI普高11年級分流語義分類
G11A-A-CRAMER-01-X1,G11A-A-CRAMER-01,A-11A-1,矩陣與方程組,二元方程組,克拉瑪公式,跨主題整合,以二階行列式連結唯一解與面積；第二層：整合向量、矩陣、函數、三角、機率等多主題,跨章整合,無法辨識知識鏈,5,普高G11數學A,MathAI普高11年級分流語義分類
G11A-A-SYS-TYPE-01-C1,G11A-A-SYS-TYPE-01,A-11A-1,矩陣與方程組,方程組分類,唯一/無窮/無解,概念與條件辨識,從代數或幾何判斷解的型態；第二層：辨認定義、符號、模型條件與適用範圍,概念判斷,混淆定義或忽略限制條件,1,普高G11數學A,MathAI普高11年級分流語義分類
G11A-A-SYS-TYPE-01-P1,G11A-A-SYS-TYPE-01,A-11A-1,矩陣與方程組,方程組分類,唯一/無窮/無解,標準程序,從代數或幾何判斷解的型態；第二層：依標準算法完成計算、推導、解式或矩陣運算,標準程序題,運算流程、符號或公式錯誤,2,普高G11數學A,MathAI普高11年級分流語義分類
G11A-A-SYS-TYPE-01-V1,G11A-A-SYS-TYPE-01,A-11A-1,矩陣與方程組,方程組分類,唯一/無窮/無解,多表徵轉換,從代數或幾何判斷解的型態；第二層：在文字、圖形、向量、矩陣、函數圖與機率表徵間轉換,圖↔式↔表,表徵轉換失去結構,3,普高G11數學A,MathAI普高11年級分流語義分類
G11A-A-SYS-TYPE-01-R1,G11A-A-SYS-TYPE-01,A-11A-1,矩陣與方程組,方程組分類,唯一/無窮/無解,逆向驗證,從代數或幾何判斷解的型態；第二層：由結果反求參數/條件並以代回、幾何或數值檢核,反推/驗算,只會正向套公式,3,普高G11數學A,MathAI普高11年級分流語義分類
G11A-A-SYS-TYPE-01-A1,G11A-A-SYS-TYPE-01,A-11A-1,矩陣與方程組,方程組分類,唯一/無窮/無解,情境建模,從代數或幾何判斷解的型態；第二層：從科學、金融、工程、設計或社會情境建立模型,應用建模,模型選擇與解釋錯誤,4,普高G11數學A,MathAI普高11年級分流語義分類
G11A-A-SYS-TYPE-01-T1,G11A-A-SYS-TYPE-01,A-11A-1,矩陣與方程組,方程組分類,唯一/無窮/無解,條件變形,從代數或幾何判斷解的型態；第二層：加入參數、多步驟、空間/機率條件或跨表徵資訊,進階變形,整體條件控制失敗,4,普高G11數學A,MathAI普高11年級分流語義分類
G11A-A-SYS-TYPE-01-X1,G11A-A-SYS-TYPE-01,A-11A-1,矩陣與方程組,方程組分類,唯一/無窮/無解,跨主題整合,從代數或幾何判斷解的型態；第二層：整合向量、矩陣、函數、三角、機率等多主題,跨章整合,無法辨識知識鏈,5,普高G11數學A,MathAI普高11年級分流語義分類
G11A-A-SYS3-01-C1,G11A-A-SYS3-01,A-11A-2,矩陣與方程組,三元聯立,三元消去法,概念與條件辨識,以消去法解三元一次聯立；第二層：辨認定義、符號、模型條件與適用範圍,概念判斷,混淆定義或忽略限制條件,1,普高G11數學A,MathAI普高11年級分流語義分類
G11A-A-SYS3-01-P1,G11A-A-SYS3-01,A-11A-2,矩陣與方程組,三元聯立,三元消去法,標準程序,以消去法解三元一次聯立；第二層：依標準算法完成計算、推導、解式或矩陣運算,標準程序題,運算流程、符號或公式錯誤,2,普高G11數學A,MathAI普高11年級分流語義分類
G11A-A-SYS3-01-V1,G11A-A-SYS3-01,A-11A-2,矩陣與方程組,三元聯立,三元消去法,多表徵轉換,以消去法解三元一次聯立；第二層：在文字、圖形、向量、矩陣、函數圖與機率表徵間轉換,圖↔式↔表,表徵轉換失去結構,3,普高G11數學A,MathAI普高11年級分流語義分類
G11A-A-SYS3-01-R1,G11A-A-SYS3-01,A-11A-2,矩陣與方程組,三元聯立,三元消去法,逆向驗證,以消去法解三元一次聯立；第二層：由結果反求參數/條件並以代回、幾何或數值檢核,反推/驗算,只會正向套公式,3,普高G11數學A,MathAI普高11年級分流語義分類
G11A-A-SYS3-01-A1,G11A-A-SYS3-01,A-11A-2,矩陣與方程組,三元聯立,三元消去法,情境建模,以消去法解三元一次聯立；第二層：從科學、金融、工程、設計或社會情境建立模型,應用建模,模型選擇與解釋錯誤,4,普高G11數學A,MathAI普高11年級分流語義分類
G11A-A-SYS3-01-T1,G11A-A-SYS3-01,A-11A-2,矩陣與方程組,三元聯立,三元消去法,條件變形,以消去法解三元一次聯立；第二層：加入參數、多步驟、空間/機率條件或跨表徵資訊,進階變形,整體條件控制失敗,4,普高G11數學A,MathAI普高11年級分流語義分類
G11A-A-SYS3-01-X1,G11A-A-SYS3-01,A-11A-2,矩陣與方程組,三元聯立,三元消去法,跨主題整合,以消去法解三元一次聯立；第二層：整合向量、矩陣、函數、三角、機率等多主題,跨章整合,無法辨識知識鏈,5,普高G11數學A,MathAI普高11年級分流語義分類
G11A-A-AUGMENT-01-C1,G11A-A-AUGMENT-01,A-11A-2,矩陣與方程組,三元聯立,增廣矩陣,概念與條件辨識,以矩陣記錄消去步驟，不延伸rank理論；第二層：辨認定義、符號、模型條件與適用範圍,概念判斷,混淆定義或忽略限制條件,1,普高G11數學A,MathAI普高11年級分流語義分類
G11A-A-AUGMENT-01-P1,G11A-A-AUGMENT-01,A-11A-2,矩陣與方程組,三元聯立,增廣矩陣,標準程序,以矩陣記錄消去步驟，不延伸rank理論；第二層：依標準算法完成計算、推導、解式或矩陣運算,標準程序題,運算流程、符號或公式錯誤,2,普高G11數學A,MathAI普高11年級分流語義分類
G11A-A-AUGMENT-01-V1,G11A-A-AUGMENT-01,A-11A-2,矩陣與方程組,三元聯立,增廣矩陣,多表徵轉換,以矩陣記錄消去步驟，不延伸rank理論；第二層：在文字、圖形、向量、矩陣、函數圖與機率表徵間轉換,圖↔式↔表,表徵轉換失去結構,3,普高G11數學A,MathAI普高11年級分流語義分類
G11A-A-AUGMENT-01-R1,G11A-A-AUGMENT-01,A-11A-2,矩陣與方程組,三元聯立,增廣矩陣,逆向驗證,以矩陣記錄消去步驟，不延伸rank理論；第二層：由結果反求參數/條件並以代回、幾何或數值檢核,反推/驗算,只會正向套公式,3,普高G11數學A,MathAI普高11年級分流語義分類
G11A-A-AUGMENT-01-A1,G11A-A-AUGMENT-01,A-11A-2,矩陣與方程組,三元聯立,增廣矩陣,情境建模,以矩陣記錄消去步驟，不延伸rank理論；第二層：從科學、金融、工程、設計或社會情境建立模型,應用建模,模型選擇與解釋錯誤,4,普高G11數學A,MathAI普高11年級分流語義分類
G11A-A-AUGMENT-01-T1,G11A-A-AUGMENT-01,A-11A-2,矩陣與方程組,三元聯立,增廣矩陣,條件變形,以矩陣記錄消去步驟，不延伸rank理論；第二層：加入參數、多步驟、空間/機率條件或跨表徵資訊,進階變形,整體條件控制失敗,4,普高G11數學A,MathAI普高11年級分流語義分類
G11A-A-AUGMENT-01-X1,G11A-A-AUGMENT-01,A-11A-2,矩陣與方程組,三元聯立,增廣矩陣,跨主題整合,以矩陣記錄消去步驟，不延伸rank理論；第二層：整合向量、矩陣、函數、三角、機率等多主題,跨章整合,無法辨識知識鏈,5,普高G11數學A,MathAI普高11年級分流語義分類
G11A-A-MATOPS-01-C1,G11A-A-MATOPS-01,A-11A-3,矩陣與方程組,矩陣運算,矩陣加減與係數積,概念與條件辨識,把矩陣視為資料表做基本運算；第二層：辨認定義、符號、模型條件與適用範圍,概念判斷,混淆定義或忽略限制條件,1,普高G11數學A,MathAI普高11年級分流語義分類
G11A-A-MATOPS-01-P1,G11A-A-MATOPS-01,A-11A-3,矩陣與方程組,矩陣運算,矩陣加減與係數積,標準程序,把矩陣視為資料表做基本運算；第二層：依標準算法完成計算、推導、解式或矩陣運算,標準程序題,運算流程、符號或公式錯誤,2,普高G11數學A,MathAI普高11年級分流語義分類
G11A-A-MATOPS-01-V1,G11A-A-MATOPS-01,A-11A-3,矩陣與方程組,矩陣運算,矩陣加減與係數積,多表徵轉換,把矩陣視為資料表做基本運算；第二層：在文字、圖形、向量、矩陣、函數圖與機率表徵間轉換,圖↔式↔表,表徵轉換失去結構,3,普高G11數學A,MathAI普高11年級分流語義分類
G11A-A-MATOPS-01-R1,G11A-A-MATOPS-01,A-11A-3,矩陣與方程組,矩陣運算,矩陣加減與係數積,逆向驗證,把矩陣視為資料表做基本運算；第二層：由結果反求參數/條件並以代回、幾何或數值檢核,反推/驗算,只會正向套公式,3,普高G11數學A,MathAI普高11年級分流語義分類
G11A-A-MATOPS-01-A1,G11A-A-MATOPS-01,A-11A-3,矩陣與方程組,矩陣運算,矩陣加減與係數積,情境建模,把矩陣視為資料表做基本運算；第二層：從科學、金融、工程、設計或社會情境建立模型,應用建模,模型選擇與解釋錯誤,4,普高G11數學A,MathAI普高11年級分流語義分類
G11A-A-MATOPS-01-T1,G11A-A-MATOPS-01,A-11A-3,矩陣與方程組,矩陣運算,矩陣加減與係數積,條件變形,把矩陣視為資料表做基本運算；第二層：加入參數、多步驟、空間/機率條件或跨表徵資訊,進階變形,整體條件控制失敗,4,普高G11數學A,MathAI普高11年級分流語義分類
G11A-A-MATMUL-01-C1,G11A-A-MATMUL-01,A-11A-3,矩陣與方程組,矩陣運算,矩陣乘法,概念與條件辨識,理解維度條件與行列組合；第二層：辨認定義、符號、模型條件與適用範圍,概念判斷,混淆定義或忽略限制條件,1,普高G11數學A,MathAI普高11年級分流語義分類
G11A-A-MATMUL-01-P1,G11A-A-MATMUL-01,A-11A-3,矩陣與方程組,矩陣運算,矩陣乘法,標準程序,理解維度條件與行列組合；第二層：依標準算法完成計算、推導、解式或矩陣運算,標準程序題,運算流程、符號或公式錯誤,2,普高G11數學A,MathAI普高11年級分流語義分類
G11A-A-MATMUL-01-V1,G11A-A-MATMUL-01,A-11A-3,矩陣與方程組,矩陣運算,矩陣乘法,多表徵轉換,理解維度條件與行列組合；第二層：在文字、圖形、向量、矩陣、函數圖與機率表徵間轉換,圖↔式↔表,表徵轉換失去結構,3,普高G11數學A,MathAI普高11年級分流語義分類
G11A-A-MATMUL-01-R1,G11A-A-MATMUL-01,A-11A-3,矩陣與方程組,矩陣運算,矩陣乘法,逆向驗證,理解維度條件與行列組合；第二層：由結果反求參數/條件並以代回、幾何或數值檢核,反推/驗算,只會正向套公式,3,普高G11數學A,MathAI普高11年級分流語義分類
G11A-A-MATMUL-01-A1,G11A-A-MATMUL-01,A-11A-3,矩陣與方程組,矩陣運算,矩陣乘法,情境建模,理解維度條件與行列組合；第二層：從科學、金融、工程、設計或社會情境建立模型,應用建模,模型選擇與解釋錯誤,4,普高G11數學A,MathAI普高11年級分流語義分類
G11A-A-MATMUL-01-T1,G11A-A-MATMUL-01,A-11A-3,矩陣與方程組,矩陣運算,矩陣乘法,條件變形,理解維度條件與行列組合；第二層：加入參數、多步驟、空間/機率條件或跨表徵資訊,進階變形,整體條件控制失敗,4,普高G11數學A,MathAI普高11年級分流語義分類
G11A-A-MATMUL-01-X1,G11A-A-MATMUL-01,A-11A-3,矩陣與方程組,矩陣運算,矩陣乘法,跨主題整合,理解維度條件與行列組合；第二層：整合向量、矩陣、函數、三角、機率等多主題,跨章整合,無法辨識知識鏈,5,普高G11數學A,MathAI普高11年級分流語義分類
G11A-A-INVERSE2-01-C1,G11A-A-INVERSE2-01,A-11A-3,矩陣與方程組,矩陣運算,二階反方陣,概念與條件辨識,確切計算以2階為限；第二層：辨認定義、符號、模型條件與適用範圍,概念判斷,混淆定義或忽略限制條件,1,普高G11數學A,MathAI普高11年級分流語義分類
G11A-A-INVERSE2-01-P1,G11A-A-INVERSE2-01,A-11A-3,矩陣與方程組,矩陣運算,二階反方陣,標準程序,確切計算以2階為限；第二層：依標準算法完成計算、推導、解式或矩陣運算,標準程序題,運算流程、符號或公式錯誤,2,普高G11數學A,MathAI普高11年級分流語義分類
G11A-A-INVERSE2-01-V1,G11A-A-INVERSE2-01,A-11A-3,矩陣與方程組,矩陣運算,二階反方陣,多表徵轉換,確切計算以2階為限；第二層：在文字、圖形、向量、矩陣、函數圖與機率表徵間轉換,圖↔式↔表,表徵轉換失去結構,3,普高G11數學A,MathAI普高11年級分流語義分類
G11A-A-INVERSE2-01-R1,G11A-A-INVERSE2-01,A-11A-3,矩陣與方程組,矩陣運算,二階反方陣,逆向驗證,確切計算以2階為限；第二層：由結果反求參數/條件並以代回、幾何或數值檢核,反推/驗算,只會正向套公式,3,普高G11數學A,MathAI普高11年級分流語義分類
G11A-A-INVERSE2-01-A1,G11A-A-INVERSE2-01,A-11A-3,矩陣與方程組,矩陣運算,二階反方陣,情境建模,確切計算以2階為限；第二層：從科學、金融、工程、設計或社會情境建立模型,應用建模,模型選擇與解釋錯誤,4,普高G11數學A,MathAI普高11年級分流語義分類
G11A-A-INVERSE2-01-T1,G11A-A-INVERSE2-01,A-11A-3,矩陣與方程組,矩陣運算,二階反方陣,條件變形,確切計算以2階為限；第二層：加入參數、多步驟、空間/機率條件或跨表徵資訊,進階變形,整體條件控制失敗,4,普高G11數學A,MathAI普高11年級分流語義分類
G11A-A-INVERSE2-01-X1,G11A-A-INVERSE2-01,A-11A-3,矩陣與方程組,矩陣運算,二階反方陣,跨主題整合,確切計算以2階為限；第二層：整合向量、矩陣、函數、三角、機率等多主題,跨章整合,無法辨識知識鏈,5,普高G11數學A,MathAI普高11年級分流語義分類
G11A-F-LINTRANS-01-C1,G11A-F-LINTRANS-01,F-11A-3,矩陣與方程組,矩陣應用,平面線性變換,概念與條件辨識,以2×2矩陣描述平面線性變換；第二層：辨認定義、符號、模型條件與適用範圍,概念判斷,混淆定義或忽略限制條件,1,普高G11數學A,MathAI普高11年級分流語義分類
G11A-F-LINTRANS-01-P1,G11A-F-LINTRANS-01,F-11A-3,矩陣與方程組,矩陣應用,平面線性變換,標準程序,以2×2矩陣描述平面線性變換；第二層：依標準算法完成計算、推導、解式或矩陣運算,標準程序題,運算流程、符號或公式錯誤,2,普高G11數學A,MathAI普高11年級分流語義分類
G11A-F-LINTRANS-01-V1,G11A-F-LINTRANS-01,F-11A-3,矩陣與方程組,矩陣應用,平面線性變換,多表徵轉換,以2×2矩陣描述平面線性變換；第二層：在文字、圖形、向量、矩陣、函數圖與機率表徵間轉換,圖↔式↔表,表徵轉換失去結構,3,普高G11數學A,MathAI普高11年級分流語義分類
G11A-F-LINTRANS-01-R1,G11A-F-LINTRANS-01,F-11A-3,矩陣與方程組,矩陣應用,平面線性變換,逆向驗證,以2×2矩陣描述平面線性變換；第二層：由結果反求參數/條件並以代回、幾何或數值檢核,反推/驗算,只會正向套公式,3,普高G11數學A,MathAI普高11年級分流語義分類
G11A-F-LINTRANS-01-A1,G11A-F-LINTRANS-01,F-11A-3,矩陣與方程組,矩陣應用,平面線性變換,情境建模,以2×2矩陣描述平面線性變換；第二層：從科學、金融、工程、設計或社會情境建立模型,應用建模,模型選擇與解釋錯誤,4,普高G11數學A,MathAI普高11年級分流語義分類
G11A-F-LINTRANS-01-T1,G11A-F-LINTRANS-01,F-11A-3,矩陣與方程組,矩陣應用,平面線性變換,條件變形,以2×2矩陣描述平面線性變換；第二層：加入參數、多步驟、空間/機率條件或跨表徵資訊,進階變形,整體條件控制失敗,4,普高G11數學A,MathAI普高11年級分流語義分類
G11A-F-LINTRANS-01-X1,G11A-F-LINTRANS-01,F-11A-3,矩陣與方程組,矩陣應用,平面線性變換,跨主題整合,以2×2矩陣描述平面線性變換；第二層：整合向量、矩陣、函數、三角、機率等多主題,跨章整合,無法辨識知識鏈,5,普高G11數學A,MathAI普高11年級分流語義分類
G11A-F-TRANSITION-01-C1,G11A-F-TRANSITION-01,F-11A-3,矩陣與方程組,矩陣應用,二階轉移方陣,概念與條件辨識,以轉移矩陣描述簡單狀態演變；第二層：辨認定義、符號、模型條件與適用範圍,概念判斷,混淆定義或忽略限制條件,1,普高G11數學A,MathAI普高11年級分流語義分類
G11A-F-TRANSITION-01-P1,G11A-F-TRANSITION-01,F-11A-3,矩陣與方程組,矩陣應用,二階轉移方陣,標準程序,以轉移矩陣描述簡單狀態演變；第二層：依標準算法完成計算、推導、解式或矩陣運算,標準程序題,運算流程、符號或公式錯誤,2,普高G11數學A,MathAI普高11年級分流語義分類
G11A-F-TRANSITION-01-V1,G11A-F-TRANSITION-01,F-11A-3,矩陣與方程組,矩陣應用,二階轉移方陣,多表徵轉換,以轉移矩陣描述簡單狀態演變；第二層：在文字、圖形、向量、矩陣、函數圖與機率表徵間轉換,圖↔式↔表,表徵轉換失去結構,3,普高G11數學A,MathAI普高11年級分流語義分類
G11A-F-TRANSITION-01-R1,G11A-F-TRANSITION-01,F-11A-3,矩陣與方程組,矩陣應用,二階轉移方陣,逆向驗證,以轉移矩陣描述簡單狀態演變；第二層：由結果反求參數/條件並以代回、幾何或數值檢核,反推/驗算,只會正向套公式,3,普高G11數學A,MathAI普高11年級分流語義分類
G11A-F-TRANSITION-01-A1,G11A-F-TRANSITION-01,F-11A-3,矩陣與方程組,矩陣應用,二階轉移方陣,情境建模,以轉移矩陣描述簡單狀態演變；第二層：從科學、金融、工程、設計或社會情境建立模型,應用建模,模型選擇與解釋錯誤,4,普高G11數學A,MathAI普高11年級分流語義分類
G11A-F-TRANSITION-01-T1,G11A-F-TRANSITION-01,F-11A-3,矩陣與方程組,矩陣應用,二階轉移方陣,條件變形,以轉移矩陣描述簡單狀態演變；第二層：加入參數、多步驟、空間/機率條件或跨表徵資訊,進階變形,整體條件控制失敗,4,普高G11數學A,MathAI普高11年級分流語義分類
G11A-F-TRANSITION-01-X1,G11A-F-TRANSITION-01,F-11A-3,矩陣與方程組,矩陣應用,二階轉移方陣,跨主題整合,以轉移矩陣描述簡單狀態演變；第二層：整合向量、矩陣、函數、三角、機率等多主題,跨章整合,無法辨識知識鏈,5,普高G11數學A,MathAI普高11年級分流語義分類
G11A-D-SUBJOBJ-01-C1,G11A-D-SUBJOBJ-01,D-11A-1,機率,機率觀點,主觀與客觀機率,概念與條件辨識,依機率性質檢視主觀評估，從數據估客觀機率；第二層：辨認定義、符號、模型條件與適用範圍,概念判斷,混淆定義或忽略限制條件,1,普高G11數學A,MathAI普高11年級分流語義分類
G11A-D-SUBJOBJ-01-P1,G11A-D-SUBJOBJ-01,D-11A-1,機率,機率觀點,主觀與客觀機率,標準程序,依機率性質檢視主觀評估，從數據估客觀機率；第二層：依標準算法完成計算、推導、解式或矩陣運算,標準程序題,運算流程、符號或公式錯誤,2,普高G11數學A,MathAI普高11年級分流語義分類
G11A-D-SUBJOBJ-01-V1,G11A-D-SUBJOBJ-01,D-11A-1,機率,機率觀點,主觀與客觀機率,多表徵轉換,依機率性質檢視主觀評估，從數據估客觀機率；第二層：在文字、圖形、向量、矩陣、函數圖與機率表徵間轉換,圖↔式↔表,表徵轉換失去結構,3,普高G11數學A,MathAI普高11年級分流語義分類
G11A-D-SUBJOBJ-01-R1,G11A-D-SUBJOBJ-01,D-11A-1,機率,機率觀點,主觀與客觀機率,逆向驗證,依機率性質檢視主觀評估，從數據估客觀機率；第二層：由結果反求參數/條件並以代回、幾何或數值檢核,反推/驗算,只會正向套公式,3,普高G11數學A,MathAI普高11年級分流語義分類
G11A-D-SUBJOBJ-01-A1,G11A-D-SUBJOBJ-01,D-11A-1,機率,機率觀點,主觀與客觀機率,情境建模,依機率性質檢視主觀評估，從數據估客觀機率；第二層：從科學、金融、工程、設計或社會情境建立模型,應用建模,模型選擇與解釋錯誤,4,普高G11數學A,MathAI普高11年級分流語義分類
G11A-D-SUBJOBJ-01-T1,G11A-D-SUBJOBJ-01,D-11A-1,機率,機率觀點,主觀與客觀機率,條件變形,依機率性質檢視主觀評估，從數據估客觀機率；第二層：加入參數、多步驟、空間/機率條件或跨表徵資訊,進階變形,整體條件控制失敗,4,普高G11數學A,MathAI普高11年級分流語義分類
G11A-D-COND-01-C1,G11A-D-COND-01,D-11A-2,機率,條件機率,條件機率,概念與條件辨識,理解P(A|B)的樣本空間縮限；第二層：辨認定義、符號、模型條件與適用範圍,概念判斷,混淆定義或忽略限制條件,1,普高G11數學A,MathAI普高11年級分流語義分類
G11A-D-COND-01-P1,G11A-D-COND-01,D-11A-2,機率,條件機率,條件機率,標準程序,理解P(A|B)的樣本空間縮限；第二層：依標準算法完成計算、推導、解式或矩陣運算,標準程序題,運算流程、符號或公式錯誤,2,普高G11數學A,MathAI普高11年級分流語義分類
G11A-D-COND-01-V1,G11A-D-COND-01,D-11A-2,機率,條件機率,條件機率,多表徵轉換,理解P(A|B)的樣本空間縮限；第二層：在文字、圖形、向量、矩陣、函數圖與機率表徵間轉換,圖↔式↔表,表徵轉換失去結構,3,普高G11數學A,MathAI普高11年級分流語義分類
G11A-D-COND-01-R1,G11A-D-COND-01,D-11A-2,機率,條件機率,條件機率,逆向驗證,理解P(A|B)的樣本空間縮限；第二層：由結果反求參數/條件並以代回、幾何或數值檢核,反推/驗算,只會正向套公式,3,普高G11數學A,MathAI普高11年級分流語義分類
G11A-D-COND-01-A1,G11A-D-COND-01,D-11A-2,機率,條件機率,條件機率,情境建模,理解P(A|B)的樣本空間縮限；第二層：從科學、金融、工程、設計或社會情境建立模型,應用建模,模型選擇與解釋錯誤,4,普高G11數學A,MathAI普高11年級分流語義分類
G11A-D-COND-01-T1,G11A-D-COND-01,D-11A-2,機率,條件機率,條件機率,條件變形,理解P(A|B)的樣本空間縮限；第二層：加入參數、多步驟、空間/機率條件或跨表徵資訊,進階變形,整體條件控制失敗,4,普高G11數學A,MathAI普高11年級分流語義分類
G11A-D-COND-01-X1,G11A-D-COND-01,D-11A-2,機率,條件機率,條件機率,跨主題整合,理解P(A|B)的樣本空間縮限；第二層：整合向量、矩陣、函數、三角、機率等多主題,跨章整合,無法辨識知識鏈,5,普高G11數學A,MathAI普高11年級分流語義分類
G11A-D-INDEP-01-C1,G11A-D-INDEP-01,D-11A-2,機率,條件機率,事件獨立,概念與條件辨識,用P(A∩B)=P(A)P(B)判獨立；第二層：辨認定義、符號、模型條件與適用範圍,概念判斷,混淆定義或忽略限制條件,1,普高G11數學A,MathAI普高11年級分流語義分類
G11A-D-INDEP-01-P1,G11A-D-INDEP-01,D-11A-2,機率,條件機率,事件獨立,標準程序,用P(A∩B)=P(A)P(B)判獨立；第二層：依標準算法完成計算、推導、解式或矩陣運算,標準程序題,運算流程、符號或公式錯誤,2,普高G11數學A,MathAI普高11年級分流語義分類
G11A-D-INDEP-01-V1,G11A-D-INDEP-01,D-11A-2,機率,條件機率,事件獨立,多表徵轉換,用P(A∩B)=P(A)P(B)判獨立；第二層：在文字、圖形、向量、矩陣、函數圖與機率表徵間轉換,圖↔式↔表,表徵轉換失去結構,3,普高G11數學A,MathAI普高11年級分流語義分類
G11A-D-INDEP-01-R1,G11A-D-INDEP-01,D-11A-2,機率,條件機率,事件獨立,逆向驗證,用P(A∩B)=P(A)P(B)判獨立；第二層：由結果反求參數/條件並以代回、幾何或數值檢核,反推/驗算,只會正向套公式,3,普高G11數學A,MathAI普高11年級分流語義分類
G11A-D-INDEP-01-A1,G11A-D-INDEP-01,D-11A-2,機率,條件機率,事件獨立,情境建模,用P(A∩B)=P(A)P(B)判獨立；第二層：從科學、金融、工程、設計或社會情境建立模型,應用建模,模型選擇與解釋錯誤,4,普高G11數學A,MathAI普高11年級分流語義分類
G11A-D-INDEP-01-T1,G11A-D-INDEP-01,D-11A-2,機率,條件機率,事件獨立,條件變形,用P(A∩B)=P(A)P(B)判獨立；第二層：加入參數、多步驟、空間/機率條件或跨表徵資訊,進階變形,整體條件控制失敗,4,普高G11數學A,MathAI普高11年級分流語義分類
G11A-D-INDEP-01-X1,G11A-D-INDEP-01,D-11A-2,機率,條件機率,事件獨立,跨主題整合,用P(A∩B)=P(A)P(B)判獨立；第二層：整合向量、矩陣、函數、三角、機率等多主題,跨章整合,無法辨識知識鏈,5,普高G11數學A,MathAI普高11年級分流語義分類
G11A-D-MULT-01-C1,G11A-D-MULT-01,D-11A-3,機率,貝氏定理,條件機率乘法公式,概念與條件辨識,使用P(A∩B)=P(B)P(A|B)；第二層：辨認定義、符號、模型條件與適用範圍,概念判斷,混淆定義或忽略限制條件,1,普高G11數學A,MathAI普高11年級分流語義分類
G11A-D-MULT-01-P1,G11A-D-MULT-01,D-11A-3,機率,貝氏定理,條件機率乘法公式,標準程序,使用P(A∩B)=P(B)P(A|B)；第二層：依標準算法完成計算、推導、解式或矩陣運算,標準程序題,運算流程、符號或公式錯誤,2,普高G11數學A,MathAI普高11年級分流語義分類
G11A-D-MULT-01-V1,G11A-D-MULT-01,D-11A-3,機率,貝氏定理,條件機率乘法公式,多表徵轉換,使用P(A∩B)=P(B)P(A|B)；第二層：在文字、圖形、向量、矩陣、函數圖與機率表徵間轉換,圖↔式↔表,表徵轉換失去結構,3,普高G11數學A,MathAI普高11年級分流語義分類
G11A-D-MULT-01-R1,G11A-D-MULT-01,D-11A-3,機率,貝氏定理,條件機率乘法公式,逆向驗證,使用P(A∩B)=P(B)P(A|B)；第二層：由結果反求參數/條件並以代回、幾何或數值檢核,反推/驗算,只會正向套公式,3,普高G11數學A,MathAI普高11年級分流語義分類
G11A-D-MULT-01-A1,G11A-D-MULT-01,D-11A-3,機率,貝氏定理,條件機率乘法公式,情境建模,使用P(A∩B)=P(B)P(A|B)；第二層：從科學、金融、工程、設計或社會情境建立模型,應用建模,模型選擇與解釋錯誤,4,普高G11數學A,MathAI普高11年級分流語義分類
G11A-D-MULT-01-T1,G11A-D-MULT-01,D-11A-3,機率,貝氏定理,條件機率乘法公式,條件變形,使用P(A∩B)=P(B)P(A|B)；第二層：加入參數、多步驟、空間/機率條件或跨表徵資訊,進階變形,整體條件控制失敗,4,普高G11數學A,MathAI普高11年級分流語義分類
G11A-D-MULT-01-X1,G11A-D-MULT-01,D-11A-3,機率,貝氏定理,條件機率乘法公式,跨主題整合,使用P(A∩B)=P(B)P(A|B)；第二層：整合向量、矩陣、函數、三角、機率等多主題,跨章整合,無法辨識知識鏈,5,普高G11數學A,MathAI普高11年級分流語義分類
G11A-D-BAYES-01-C1,G11A-D-BAYES-01,D-11A-3,機率,貝氏定理,貝氏定理,概念與條件辨識,由先驗與條件資訊更新後驗機率；第二層：辨認定義、符號、模型條件與適用範圍,概念判斷,混淆定義或忽略限制條件,1,普高G11數學A,MathAI普高11年級分流語義分類
G11A-D-BAYES-01-P1,G11A-D-BAYES-01,D-11A-3,機率,貝氏定理,貝氏定理,標準程序,由先驗與條件資訊更新後驗機率；第二層：依標準算法完成計算、推導、解式或矩陣運算,標準程序題,運算流程、符號或公式錯誤,2,普高G11數學A,MathAI普高11年級分流語義分類
G11A-D-BAYES-01-V1,G11A-D-BAYES-01,D-11A-3,機率,貝氏定理,貝氏定理,多表徵轉換,由先驗與條件資訊更新後驗機率；第二層：在文字、圖形、向量、矩陣、函數圖與機率表徵間轉換,圖↔式↔表,表徵轉換失去結構,3,普高G11數學A,MathAI普高11年級分流語義分類
G11A-D-BAYES-01-R1,G11A-D-BAYES-01,D-11A-3,機率,貝氏定理,貝氏定理,逆向驗證,由先驗與條件資訊更新後驗機率；第二層：由結果反求參數/條件並以代回、幾何或數值檢核,反推/驗算,只會正向套公式,3,普高G11數學A,MathAI普高11年級分流語義分類
G11A-D-BAYES-01-A1,G11A-D-BAYES-01,D-11A-3,機率,貝氏定理,貝氏定理,情境建模,由先驗與條件資訊更新後驗機率；第二層：從科學、金融、工程、設計或社會情境建立模型,應用建模,模型選擇與解釋錯誤,4,普高G11數學A,MathAI普高11年級分流語義分類
G11A-D-BAYES-01-T1,G11A-D-BAYES-01,D-11A-3,機率,貝氏定理,貝氏定理,條件變形,由先驗與條件資訊更新後驗機率；第二層：加入參數、多步驟、空間/機率條件或跨表徵資訊,進階變形,整體條件控制失敗,4,普高G11數學A,MathAI普高11年級分流語義分類
G11A-D-BAYES-01-X1,G11A-D-BAYES-01,D-11A-3,機率,貝氏定理,貝氏定理,跨主題整合,由先驗與條件資訊更新後驗機率；第二層：整合向量、矩陣、函數、三角、機率等多主題,跨章整合,無法辨識知識鏈,5,普高G11數學A,MathAI普高11年級分流語義分類
G11A-D-BAYES-APP-01-C1,G11A-D-BAYES-APP-01,D-11A-3,機率,貝氏定理,診斷/分類情境,概念與條件辨識,以樹狀圖或表格處理檢測與分類應用；第二層：辨認定義、符號、模型條件與適用範圍,概念判斷,混淆定義或忽略限制條件,1,普高G11數學A,MathAI普高11年級分流語義分類
G11A-D-BAYES-APP-01-P1,G11A-D-BAYES-APP-01,D-11A-3,機率,貝氏定理,診斷/分類情境,標準程序,以樹狀圖或表格處理檢測與分類應用；第二層：依標準算法完成計算、推導、解式或矩陣運算,標準程序題,運算流程、符號或公式錯誤,2,普高G11數學A,MathAI普高11年級分流語義分類
G11A-D-BAYES-APP-01-V1,G11A-D-BAYES-APP-01,D-11A-3,機率,貝氏定理,診斷/分類情境,多表徵轉換,以樹狀圖或表格處理檢測與分類應用；第二層：在文字、圖形、向量、矩陣、函數圖與機率表徵間轉換,圖↔式↔表,表徵轉換失去結構,3,普高G11數學A,MathAI普高11年級分流語義分類
G11A-D-BAYES-APP-01-R1,G11A-D-BAYES-APP-01,D-11A-3,機率,貝氏定理,診斷/分類情境,逆向驗證,以樹狀圖或表格處理檢測與分類應用；第二層：由結果反求參數/條件並以代回、幾何或數值檢核,反推/驗算,只會正向套公式,3,普高G11數學A,MathAI普高11年級分流語義分類
G11A-D-BAYES-APP-01-A1,G11A-D-BAYES-APP-01,D-11A-3,機率,貝氏定理,診斷/分類情境,情境建模,以樹狀圖或表格處理檢測與分類應用；第二層：從科學、金融、工程、設計或社會情境建立模型,應用建模,模型選擇與解釋錯誤,4,普高G11數學A,MathAI普高11年級分流語義分類
G11A-D-BAYES-APP-01-T1,G11A-D-BAYES-APP-01,D-11A-3,機率,貝氏定理,診斷/分類情境,條件變形,以樹狀圖或表格處理檢測與分類應用；第二層：加入參數、多步驟、空間/機率條件或跨表徵資訊,進階變形,整體條件控制失敗,4,普高G11數學A,MathAI普高11年級分流語義分類
G11A-D-BAYES-APP-01-X1,G11A-D-BAYES-APP-01,D-11A-3,機率,貝氏定理,診斷/分類情境,跨主題整合,以樹狀圖或表格處理檢測與分類應用；第二層：整合向量、矩陣、函數、三角、機率等多主題,跨章整合,無法辨識知識鏈,5,普高G11數學A,MathAI普高11年級分流語義分類
