grade,track,skill_id,official_code,skill_name
G1,GENERAL_OR_PREHIGH,G01-N-COUNT-01,N-1-1,1到10聽讀寫做
G1,GENERAL_OR_PREHIGH,G01-N-ZERO-01,N-1-1,0的意義
G1,GENERAL_OR_PREHIGH,G01-N-ORDER-01,N-1-1,10以內數序
G1,GENERAL_OR_PREHIGH,G01-N-ORDINAL-01,N-1-1,基數與序數
G1,GENERAL_OR_PREHIGH,G01-N-CMP-01,N-1-1,10以內多少比較
G1,GENERAL_OR_PREHIGH,G01-N-COMP-01,N-1-3,10以內數的合成
G1,GENERAL_OR_PREHIGH,G01-N-20-01,N-1-1,11到20的數
G1,GENERAL_OR_PREHIGH,G01-N-30-01,N-1-1,21到30的數
G1,GENERAL_OR_PREHIGH,G01-N-GROUPCOUNT-01,N-1-1,2、5、10個一數
G1,GENERAL_OR_PREHIGH,G01-N-100-01,N-1-1,100以內聽讀寫做
G1,GENERAL_OR_PREHIGH,G01-N-PLACE-01,N-1-1,個位與十位
G1,GENERAL_OR_PREHIGH,G01-N-100ORDER-01,N-1-1,100以內數序比較
G1,GENERAL_OR_PREHIGH,G01-N-ADD-MEAN-01,N-1-2 / R-1-1,添加型加法
G1,GENERAL_OR_PREHIGH,G01-N-ADD-JOIN-01,N-1-2 / R-1-1,併加型加法
G1,GENERAL_OR_PREHIGH,G01-N-ADD0-01,N-1-2,含0的加法
G1,GENERAL_OR_PREHIGH,G01-N-ADD-FLUENCY-01,N-1-3,10以內加法熟練
G1,GENERAL_OR_PREHIGH,G01-R-COMMUTE-01,R-1-2,交換相加順序
G1,GENERAL_OR_PREHIGH,G01-N-SUB-TAKE-01,N-1-2 / R-1-1,拿走型減法
G1,GENERAL_OR_PREHIGH,G01-N-SUB-PART-01,N-1-2 / R-1-1,分解型減法
G1,GENERAL_OR_PREHIGH,G01-N-SUB-CMP-01,N-1-2,比較型減法
G1,GENERAL_OR_PREHIGH,G01-N-SUB-FLUENCY-01,N-1-3,10以內減法熟練
G1,GENERAL_OR_PREHIGH,G01-N-18ADD-01,N-1-3,跨10加法
G1,GENERAL_OR_PREHIGH,G01-N-18SUB-01,N-1-3,跨10減法
G1,GENERAL_OR_PREHIGH,G01-N-2DIGADD-01,N-1-2,兩位數加一位數／整十數
G1,GENERAL_OR_PREHIGH,G01-N-2DIGSUB-01,N-1-2,兩位數減一位數／整十數
G1,GENERAL_OR_PREHIGH,G01-N-WORD-01,N-1-2 / R-1-1,選擇加法或減法
G1,GENERAL_OR_PREHIGH,G01-R-EQUAL-01,R-1-1,等號與算式讀法
G1,GENERAL_OR_PREHIGH,G01-N-MONEY-01,N-1-4,1、5、10、50、100元
G1,GENERAL_OR_PREHIGH,G01-N-MONEY-02,N-1-4,同值不同組合
G1,GENERAL_OR_PREHIGH,G01-N-MONEY-03,N-1-4 / N-1-2,簡單付錢與找零
G1,GENERAL_OR_PREHIGH,G01-N-LEN-01,N-1-5 / S-1-1,直接比較
G1,GENERAL_OR_PREHIGH,G01-N-LEN-02,N-1-5 / S-1-1,間接比較
G1,GENERAL_OR_PREHIGH,G01-N-LEN-03,N-1-5 / S-1-1,個別單位測量
G1,GENERAL_OR_PREHIGH,G01-N-TIME-01,N-1-6,事件先後與時間長短
G1,GENERAL_OR_PREHIGH,G01-N-CLOCK-01,N-1-6,整點
G1,GENERAL_OR_PREHIGH,G01-N-CLOCK-02,N-1-6,半點
G1,GENERAL_OR_PREHIGH,G01-N-DATE-01,N-1-6,月日星期
G1,GENERAL_OR_PREHIGH,G01-S-SOLID-01,S-1-2,平面與曲面特徵
G1,GENERAL_OR_PREHIGH,G01-S-SHAPE-01,S-1-2,常見平面形狀辨識
G1,GENERAL_OR_PREHIGH,G01-S-TRACE-01,S-1-2,描繪與複製
G1,GENERAL_OR_PREHIGH,G01-S-PUZZLE-01,S-1-2,拼貼與堆疊
G1,GENERAL_OR_PREHIGH,G01-S-MOVE-01,S-1-2,平移旋轉翻轉初步
G1,GENERAL_OR_PREHIGH,G01-D-CLASS-01,D-1-1,依單一特徵分類
G1,GENERAL_OR_PREHIGH,G01-D-CLASS-02,D-1-1,多種分類方式
G1,GENERAL_OR_PREHIGH,G01-D-RECORD-01,D-1-1,簡單記錄與報讀
G2,GENERAL_OR_PREHIGH,G02-N-200-01,N-2-1,讀寫與做數
G2,GENERAL_OR_PREHIGH,G02-N-1000-01,N-2-1,讀寫與做數
G2,GENERAL_OR_PREHIGH,G02-N-PLACE-01,N-2-1,百位十位個位
G2,GENERAL_OR_PREHIGH,G02-N-ORDER-01,N-2-1,前後數與大小
G2,GENERAL_OR_PREHIGH,G02-N-COIN-01,N-2-5,100/500/1000元
G2,GENERAL_OR_PREHIGH,G02-N-COIN-APP-01,N-2-5,付款與找錢
G2,GENERAL_OR_PREHIGH,G02-N-ADD-VERT-01,N-2-2,不進位加法
G2,GENERAL_OR_PREHIGH,G02-N-ADD-CARRY1-01,N-2-2,一次進位
G2,GENERAL_OR_PREHIGH,G02-N-ADD-CARRY2-01,N-2-2,二次進位
G2,GENERAL_OR_PREHIGH,G02-N-SUB-VERT-01,N-2-2,不退位減法
G2,GENERAL_OR_PREHIGH,G02-N-SUB-BORROW-01,N-2-2,一次退位
G2,GENERAL_OR_PREHIGH,G02-N-ZERO-OPS-01,N-2-2,數字含0的加減
G2,GENERAL_OR_PREHIGH,G02-R-INVERSE-01,R-2-4,用加法驗減法
G2,GENERAL_OR_PREHIGH,G02-N-UNK-ADDEND-01,N-2-3 / R-2-4,未知加數/被加數
G2,GENERAL_OR_PREHIGH,G02-N-UNK-SUB-01,N-2-3 / R-2-4,未知減數/被減數
G2,GENERAL_OR_PREHIGH,G02-N-EST-01,N-2-4,簡單合理估算
G2,GENERAL_OR_PREHIGH,G02-N-TWOSTEP-ADD-01,N-2-8,兩步驟加法
G2,GENERAL_OR_PREHIGH,G02-N-TWOSTEP-SUB-01,N-2-8,兩步驟減法
G2,GENERAL_OR_PREHIGH,G02-N-TWOSTEP-MIX-01,N-2-8,先加後減/先減後加
G2,GENERAL_OR_PREHIGH,G02-R-ADDORDER-01,R-2-2,改變相加順序
G2,GENERAL_OR_PREHIGH,G02-N-MUL-MEAN-01,N-2-6,幾個一樣多
G2,GENERAL_OR_PREHIGH,G02-N-MUL-2-01,N-2-6,2和5的乘法
G2,GENERAL_OR_PREHIGH,G02-N-MUL-4-8-01,N-2-6,4和8的乘法
G2,GENERAL_OR_PREHIGH,G02-N-MUL-3-6-01,N-2-6,3和6的乘法
G2,GENERAL_OR_PREHIGH,G02-N-MUL-7-9-01,N-2-6,7和9的乘法
G2,GENERAL_OR_PREHIGH,G02-N-MUL-0-1-10-01,N-2-6 / N-2-7,0、1、10的乘法
G2,GENERAL_OR_PREHIGH,G02-N-MUL-TABLE-01,N-2-7,1到10乘法熟練
G2,GENERAL_OR_PREHIGH,G02-R-MULCOMM-01,R-2-3,交換乘數與被乘數
G2,GENERAL_OR_PREHIGH,G02-N-MULADD-01,N-2-8,先乘後加
G2,GENERAL_OR_PREHIGH,G02-N-MULSUB-01,N-2-8,先乘後減
G2,GENERAL_OR_PREHIGH,G02-N-SHARE-01,N-2-9,平均分
G2,GENERAL_OR_PREHIGH,G02-N-GROUP-01,N-2-9,每份固定量
G2,GENERAL_OR_PREHIGH,G02-N-SHARE-REL-01,N-2-9 / N-2-6,用乘法檢查分裝平分
G2,GENERAL_OR_PREHIGH,G02-N-FRAC-UNIT-01,N-2-10,二分之一與四分之一
G2,GENERAL_OR_PREHIGH,G02-N-FRAC-UNIT-02,N-2-10,幾分之一
G2,GENERAL_OR_PREHIGH,G02-N-FRAC-CMP-01,N-2-10,單位分數大小初步
G2,GENERAL_OR_PREHIGH,G02-N-CM-01,N-2-11 / S-2-3,認識1公分
G2,GENERAL_OR_PREHIGH,G02-N-METER-01,N-2-11,認識1公尺
G2,GENERAL_OR_PREHIGH,G02-N-RULER-01,N-2-11 / S-2-3,用尺測量與畫線
G2,GENERAL_OR_PREHIGH,G02-N-LENOPS-01,N-2-11,同單位長度運算
G2,GENERAL_OR_PREHIGH,G02-S-PERIM-01,S-2-4,圖形邊長總和
G2,GENERAL_OR_PREHIGH,G02-N-CAP-01,N-2-12,直接/間接比較容量
G2,GENERAL_OR_PREHIGH,G02-N-WEIGHT-01,N-2-12,直接/間接比較重量
G2,GENERAL_OR_PREHIGH,G02-S-AREA-01,N-2-12 / S-2-5,面的直接比較
G2,GENERAL_OR_PREHIGH,G02-S-AREA-02,N-2-12 / S-2-5,間接與個別單位比較
G2,GENERAL_OR_PREHIGH,G02-N-CLOCK-01,N-2-13,幾時幾分
G2,GENERAL_OR_PREHIGH,G02-N-CLOCK-02,N-2-13,前後時刻比較
G2,GENERAL_OR_PREHIGH,G02-N-CALENDAR-01,N-2-14,年、月、日、星期
G2,GENERAL_OR_PREHIGH,G02-N-CALENDAR-02,N-2-14,月份天數與順序
G2,GENERAL_OR_PREHIGH,G02-S-FEATURE-01,S-2-1 / S-2-2,邊角頂點
G2,GENERAL_OR_PREHIGH,G02-S-TRIQUAD-01,S-2-2,三角形與四邊形
G2,GENERAL_OR_PREHIGH,G02-S-SPECIAL-01,S-2-2,正方形長方形正三角形
G2,GENERAL_OR_PREHIGH,G02-S-INOUT-01,S-2-4,周界內部外部
G2,GENERAL_OR_PREHIGH,G02-S-SOLID-01,S-2-2,常見立體分類
G2,GENERAL_OR_PREHIGH,G02-R-TRANSITIVE-01,R-2-1,大小遞移
G2,GENERAL_OR_PREHIGH,G02-D-TABLE-01,D-2-1,分類紀錄
G2,GENERAL_OR_PREHIGH,G02-D-READ-01,D-2-1,報讀分類結果
G3,GENERAL_OR_PREHIGH,G03-N-10000-01,N-3-1,萬以內讀寫做
G3,GENERAL_OR_PREHIGH,G03-N-PLACE-01,N-3-1,千百十個位值
G3,GENERAL_OR_PREHIGH,G03-N-ORDER-01,N-3-1,萬以內排序比較
G3,GENERAL_OR_PREHIGH,G03-N-MONEY-01,N-3-1,大數與錢幣換算
G3,GENERAL_OR_PREHIGH,G03-N-NUMAPP-01,N-3-1,萬以內生活量
G3,GENERAL_OR_PREHIGH,G03-N-ADD4-01,N-3-2,直式與進位
G3,GENERAL_OR_PREHIGH,G03-N-SUB4-01,N-3-2,直式與退位
G3,GENERAL_OR_PREHIGH,G03-N-ADDSUB-APP-01,N-3-2,加減文字題
G3,GENERAL_OR_PREHIGH,G03-N-ADDSUB-UNK-01,N-3-2,四位數加減缺項
G3,GENERAL_OR_PREHIGH,G03-N-MUL2X1-01,N-3-3,二位數乘一位數
G3,GENERAL_OR_PREHIGH,G03-N-MUL3X1-01,N-3-3,三位數乘一位數
G3,GENERAL_OR_PREHIGH,G03-N-MUL-EST-01,N-3-3 / N-3-8,估算乘積
G3,GENERAL_OR_PREHIGH,G03-N-MUL-APP-01,N-3-6,倍數與總量
G3,GENERAL_OR_PREHIGH,G03-N-DIV-MEAN-01,N-3-4,分裝與平分
G3,GENERAL_OR_PREHIGH,G03-N-DIV-REM-01,N-3-4,有餘數除法
G3,GENERAL_OR_PREHIGH,G03-N-DIV2X1-01,N-3-5,二位數除一位數
G3,GENERAL_OR_PREHIGH,G03-N-DIV3X1-01,N-3-5,三位數除一位數
G3,GENERAL_OR_PREHIGH,G03-N-DIV-ZERO-01,N-3-5,商中含0
G3,GENERAL_OR_PREHIGH,G03-R-MULDIV-INV-01,R-3-1,乘除互逆
G3,GENERAL_OR_PREHIGH,G03-N-DIV-APP-01,N-3-6,每份量與份數
G3,GENERAL_OR_PREHIGH,G03-N-2STEP-01,N-3-7,先乘再加減
G3,GENERAL_OR_PREHIGH,G03-N-2STEP-02,N-3-7,先除再加減
G3,GENERAL_OR_PREHIGH,G03-N-2STEP-03,N-3-7,倍數與分組兩步驟
G3,GENERAL_OR_PREHIGH,G03-N-EST-4OPS-01,N-3-8,合理估算策略
G3,GENERAL_OR_PREHIGH,G03-N-FRAC-BASIC-01,N-3-9,幾分之幾
G3,GENERAL_OR_PREHIGH,G03-N-FRAC-ONE-01,N-3-9,分子等於分母
G3,GENERAL_OR_PREHIGH,G03-N-FRAC-CMP-01,N-3-9,同分母大小比較
G3,GENERAL_OR_PREHIGH,G03-N-FRAC-ADD-01,N-3-9,同分母分數加法
G3,GENERAL_OR_PREHIGH,G03-N-FRAC-SUB-01,N-3-9,同分母分數減法
G3,GENERAL_OR_PREHIGH,G03-N-FRAC-NUMBERLINE-01,N-3-9 / N-3-11,分數在數線上的位置
G3,GENERAL_OR_PREHIGH,G03-N-DEC-01,N-3-10,0.1與十分位
G3,GENERAL_OR_PREHIGH,G03-N-DEC-PLACE-01,N-3-10,十分位位值
G3,GENERAL_OR_PREHIGH,G03-N-DEC-CMP-01,N-3-10,大小比較
G3,GENERAL_OR_PREHIGH,G03-N-DEC-ADD-01,N-3-10,小數加法
G3,GENERAL_OR_PREHIGH,G03-N-DEC-SUB-01,N-3-10,小數減法
G3,GENERAL_OR_PREHIGH,G03-N-DEC-NUMBERLINE-01,N-3-10 / N-3-11,一位小數數線
G3,GENERAL_OR_PREHIGH,G03-N-NUMBERLINE-01,N-3-11,定位與大小
G3,GENERAL_OR_PREHIGH,G03-N-MM-01,N-3-12,認識1毫米
G3,GENERAL_OR_PREHIGH,G03-N-MM-CONV-01,N-3-12,公分毫米換算
G3,GENERAL_OR_PREHIGH,G03-N-MM-OPS-01,N-3-12,長度計算
G3,GENERAL_OR_PREHIGH,G03-S-ANGLE-01,N-3-13 / S-3-1,頂點與兩邊
G3,GENERAL_OR_PREHIGH,G03-S-RIGHT-01,N-3-13 / S-3-1,直角
G3,GENERAL_OR_PREHIGH,G03-S-ACUTEOBTUSE-01,N-3-13 / S-3-1,銳角與鈍角
G3,GENERAL_OR_PREHIGH,G03-S-RECT-01,S-3-2,邊角性質
G3,GENERAL_OR_PREHIGH,G03-S-PERIM-01,S-3-2,長方形正方形周長
G3,GENERAL_OR_PREHIGH,G03-N-CM2-01,N-3-14,1平方公分
G3,GENERAL_OR_PREHIGH,G03-N-CM2-COUNT-01,N-3-14,方格鋪排計數
G3,GENERAL_OR_PREHIGH,G03-N-CM2-MUL-01,N-3-14,用乘法加速計數
G3,GENERAL_OR_PREHIGH,G03-S-AREA-CUT-01,N-3-14 / S-3-4,等積重組
G3,GENERAL_OR_PREHIGH,G03-N-L-01,N-3-15,認識公升與毫升
G3,GENERAL_OR_PREHIGH,G03-N-L-CONV-01,N-3-15,L與mL換算
G3,GENERAL_OR_PREHIGH,G03-N-L-OPS-01,N-3-15,容量加減
G3,GENERAL_OR_PREHIGH,G03-N-KG-01,N-3-16,認識公斤與公克
G3,GENERAL_OR_PREHIGH,G03-N-KG-CONV-01,N-3-16,kg與g換算
G3,GENERAL_OR_PREHIGH,G03-N-KG-OPS-01,N-3-16,重量加減
G3,GENERAL_OR_PREHIGH,G03-N-TIME24-01,N-3-17,12/24時制轉換
G3,GENERAL_OR_PREHIGH,G03-N-TIMEUNIT-01,N-3-17,日-時-分-秒關係
G3,GENERAL_OR_PREHIGH,G03-N-TIMECALC-01,N-3-17,之前/之後時刻
G3,GENERAL_OR_PREHIGH,G03-N-ELAPSED-01,N-3-17,經過時間
G3,GENERAL_OR_PREHIGH,G03-S-CIRCLE-01,S-3-3,圓心半徑直徑
G3,GENERAL_OR_PREHIGH,G03-S-COMPASS-01,S-3-3,用圓規畫圓
G3,GENERAL_OR_PREHIGH,G03-S-OPERATE-01,S-3-4,平面圖形重組
G3,GENERAL_OR_PREHIGH,G03-R-PATTERN-01,R-3-2,固定加減規律
G3,GENERAL_OR_PREHIGH,G03-R-PATTERN-02,R-3-2,週期與排列
G3,GENERAL_OR_PREHIGH,G03-R-PATTERN-03,R-3-2,用表格找關係
G3,GENERAL_OR_PREHIGH,G03-D-1WAY-01,D-3-1,一維表格
G3,GENERAL_OR_PREHIGH,G03-D-2WAY-01,D-3-1,二維表格
G3,GENERAL_OR_PREHIGH,G03-D-TABLE-APP-01,D-3-1,表格推理
G4,GENERAL_OR_PREHIGH,G04-N-100M-01,N-4-1,大數讀寫
G4,GENERAL_OR_PREHIGH,G04-N-PLACE-01,N-4-1,大數位值化聚
G4,GENERAL_OR_PREHIGH,G04-N-CMP-01,N-4-1,大數比較排序
G4,GENERAL_OR_PREHIGH,G04-N-ADDSUB-01,N-4-1,大數加減
G4,GENERAL_OR_PREHIGH,G04-N-MUL1-01,N-4-2,四位數乘一位數
G4,GENERAL_OR_PREHIGH,G04-N-MUL2-01,N-4-2,一二位數乘二位數
G4,GENERAL_OR_PREHIGH,G04-N-MUL4X2-01,N-4-2,三四位數乘二位數
G4,GENERAL_OR_PREHIGH,G04-N-DIV4X1-01,N-4-2,四位數除一位數
G4,GENERAL_OR_PREHIGH,G04-N-DIV2X2-01,N-4-2,二位數除二位數
G4,GENERAL_OR_PREHIGH,G04-N-DIV4X2-01,N-4-2,三四位數除二位數
G4,GENERAL_OR_PREHIGH,G04-N-MULDIV-APP-01,N-4-2 / N-4-3,多位數乘除文字題
G4,GENERAL_OR_PREHIGH,G04-N-2STEP-MULADD-01,N-4-3 / R-4-1,乘加/乘減兩步驟
G4,GENERAL_OR_PREHIGH,G04-N-2STEP-DIV-01,N-4-3 / R-4-1,除加/除減/乘除兩步驟
G4,GENERAL_OR_PREHIGH,G04-R-ORDER-01,R-4-1 / R-4-2,由左而右與先乘除後加減
G4,GENERAL_OR_PREHIGH,G04-R-BRACKET-01,R-4-1 / R-4-2,括號與併式
G4,GENERAL_OR_PREHIGH,G04-R-LAWS-01,R-4-2,交換律與結合律初步
G4,GENERAL_OR_PREHIGH,G04-N-ROUND-01,N-4-4,取到萬/千/百位概數
G4,GENERAL_OR_PREHIGH,G04-N-EST-01,N-4-4,用概數估算四則結果
G4,GENERAL_OR_PREHIGH,G04-N-FRAC-TYPES-01,N-4-5,真分數假分數帶分數
G4,GENERAL_OR_PREHIGH,G04-N-FRAC-CONV-01,N-4-5,假分數帶分數互換
G4,GENERAL_OR_PREHIGH,G04-N-FRAC-CMP-01,N-4-5,大小比較
G4,GENERAL_OR_PREHIGH,G04-N-FRAC-ADD-01,N-4-5,同分母加法
G4,GENERAL_OR_PREHIGH,G04-N-FRAC-SUB-01,N-4-5,同分母減法
G4,GENERAL_OR_PREHIGH,G04-N-FRAC-EQV-01,N-4-6,由圖像建立等值分數
G4,GENERAL_OR_PREHIGH,G04-N-FRAC-DEC-01,N-4-6 / N-4-7,十分之一百分之一與小數
G4,GENERAL_OR_PREHIGH,G04-N-DEC2-01,N-4-7,百分位與二位小數
G4,GENERAL_OR_PREHIGH,G04-N-DEC2-CMP-01,N-4-7,大小比較
G4,GENERAL_OR_PREHIGH,G04-N-DEC2-ADD-01,N-4-7,二位小數加法
G4,GENERAL_OR_PREHIGH,G04-N-DEC2-SUB-01,N-4-7,二位小數減法
G4,GENERAL_OR_PREHIGH,G04-N-DECMULINT-01,N-4-7,一二位小數乘整數
G4,GENERAL_OR_PREHIGH,G04-N-NUMBERLINE-01,N-4-8,分數定位
G4,GENERAL_OR_PREHIGH,G04-N-NUMBERLINE-02,N-4-8,小數定位
G4,GENERAL_OR_PREHIGH,G04-N-KM-01,N-4-9,認識公里
G4,GENERAL_OR_PREHIGH,G04-N-KM-CONV-01,N-4-9,公里公尺換算
G4,GENERAL_OR_PREHIGH,G04-N-KM-APP-01,N-4-9,距離應用
G4,GENERAL_OR_PREHIGH,G04-S-DEGREE-01,N-4-10 / S-4-1,認識1度與量角器
G4,GENERAL_OR_PREHIGH,G04-S-MEASURE-01,N-4-10 / S-4-1,量角與畫角
G4,GENERAL_OR_PREHIGH,G04-S-ANGLECALC-01,N-4-10 / S-4-1,角的合成與分解
G4,GENERAL_OR_PREHIGH,G04-S-ROTATE-01,S-4-2,順逆時針與周角
G4,GENERAL_OR_PREHIGH,G04-S-PERP-01,S-4-5,垂直線
G4,GENERAL_OR_PREHIGH,G04-S-PARALLEL-01,S-4-5,平行線
G4,GENERAL_OR_PREHIGH,G04-S-CONGRUENT-01,S-4-6,全等圖形
G4,GENERAL_OR_PREHIGH,G04-S-CONGRUENT-MAP-01,S-4-6,對應邊與對應角
G4,GENERAL_OR_PREHIGH,G04-S-TRI-CLASS-01,S-4-7,依邊分類三角形
G4,GENERAL_OR_PREHIGH,G04-S-TRI-ANGLE-01,S-4-7,依角分類三角形
G4,GENERAL_OR_PREHIGH,G04-S-QUAD-01,S-4-8,常見四邊形
G4,GENERAL_OR_PREHIGH,G04-S-QUAD-REL-01,S-4-8 / S-4-5,四邊形包含關係
G4,GENERAL_OR_PREHIGH,G04-N-M2-01,N-4-11 / S-4-3,認識平方公尺
G4,GENERAL_OR_PREHIGH,G04-S-RECTAREA-01,N-4-11 / S-4-3 / R-4-3,長方形面積
G4,GENERAL_OR_PREHIGH,G04-S-SQUAREAREA-01,N-4-11 / S-4-3 / R-4-3,正方形面積
G4,GENERAL_OR_PREHIGH,G04-S-PERIM-01,S-4-3 / R-4-3,周長公式
G4,GENERAL_OR_PREHIGH,G04-S-AREA-REVERSE-01,S-4-3 / R-4-3,由面積或周長反求邊長
G4,GENERAL_OR_PREHIGH,G04-S-COMPOSITE-AREA-01,S-4-3,切割與補形
G4,GENERAL_OR_PREHIGH,G04-N-CM3-01,N-4-12 / S-4-4,認識1立方公分
G4,GENERAL_OR_PREHIGH,G04-N-CM3-COUNT-01,N-4-12 / S-4-4,堆疊計數
G4,GENERAL_OR_PREHIGH,G04-N-CM3-HIDDEN-01,N-4-12 / S-4-4,看不見的立方體
G4,GENERAL_OR_PREHIGH,G04-N-TIMEADD-01,N-4-13,複名數時間加法
G4,GENERAL_OR_PREHIGH,G04-N-TIMESUB-01,N-4-13,複名數時間減法
G4,GENERAL_OR_PREHIGH,G04-N-TIMEAPP-01,N-4-13,時刻與經過時間
G4,GENERAL_OR_PREHIGH,G04-R-PATTERN-01,R-4-4,數列與圖形規律
G4,GENERAL_OR_PREHIGH,G04-R-PERIOD-01,R-4-4,週期位置判斷
G4,GENERAL_OR_PREHIGH,G04-R-TABLE-01,R-4-4,表格找規律
G4,GENERAL_OR_PREHIGH,G04-D-BAR-01,D-4-1,報讀長條圖
G4,GENERAL_OR_PREHIGH,G04-D-BAR-DRAW-01,D-4-1,製作長條圖
G4,GENERAL_OR_PREHIGH,G04-D-LINE-READ-01,D-4-1,報讀折線圖
G4,GENERAL_OR_PREHIGH,G04-D-LINE-DRAW-01,D-4-1,製作折線圖
G4,GENERAL_OR_PREHIGH,G04-D-CHART-CHOICE-01,D-4-1,選擇長條或折線圖
G5,GENERAL_OR_PREHIGH,G05-N-DEC-PLACE-01,N-5-1,大數讀寫與位值
G5,GENERAL_OR_PREHIGH,G05-N-DEC-PLACE-02,N-5-1,位值單位化聚
G5,GENERAL_OR_PREHIGH,G05-N-DEC-CMP-01,N-5-1,多位小數比較
G5,GENERAL_OR_PREHIGH,G05-N-DEC-ROUND-01,N-5-11,小數取概數
G5,GENERAL_OR_PREHIGH,G05-N-FACTOR-01,N-5-3,整除與因數
G5,GENERAL_OR_PREHIGH,G05-N-GCF-01,N-5-3,公因數與最大公因數
G5,GENERAL_OR_PREHIGH,G05-N-MULTIPLE-01,N-5-3,倍數與判別
G5,GENERAL_OR_PREHIGH,G05-N-LCM-01,N-5-3,公倍數與最小公倍數
G5,GENERAL_OR_PREHIGH,G05-N-FRAC-EQV-01,N-5-4,擴分與約分
G5,GENERAL_OR_PREHIGH,G05-N-FRAC-COMMON-01,N-5-4,通分與大小比較
G5,GENERAL_OR_PREHIGH,G05-N-FRAC-ADD-01,N-5-4,異分母分數加法
G5,GENERAL_OR_PREHIGH,G05-N-FRAC-SUB-01,N-5-4,異分母分數減法
G5,GENERAL_OR_PREHIGH,G05-N-FRAC-DIVREP-01,N-5-6,整數相除分數表示
G5,GENERAL_OR_PREHIGH,G05-N-FRAC-MUL-01,N-5-5,整數乘分數
G5,GENERAL_OR_PREHIGH,G05-N-FRAC-MUL-02,N-5-5,分數乘分數
G5,GENERAL_OR_PREHIGH,G05-N-FRAC-DIVINT-01,N-5-7,分數除以整數
G5,GENERAL_OR_PREHIGH,G05-N-DEC-MUL-01,N-5-8,小數乘整數
G5,GENERAL_OR_PREHIGH,G05-N-DEC-MUL-02,N-5-8,小數乘小數
G5,GENERAL_OR_PREHIGH,G05-N-DEC-DIV-01,N-5-9,整數除以整數商為小數
G5,GENERAL_OR_PREHIGH,G05-N-DEC-DIV-02,N-5-9,小數除以整數
G5,GENERAL_OR_PREHIGH,G05-N-RATE-01,N-5-10,部分量與全體量
G5,GENERAL_OR_PREHIGH,G05-N-PERCENT-01,N-5-10,分數小數百分率互換
G5,GENERAL_OR_PREHIGH,G05-N-TIME-01,N-5-16,時間乘法
G5,GENERAL_OR_PREHIGH,G05-N-TIME-02,N-5-16,時間除法
G5,GENERAL_OR_PREHIGH,G05-S-POLY-01,S-5-1,三角形邊長關係
G5,GENERAL_OR_PREHIGH,G05-S-ANGLE-01,S-5-1,三角形與四邊形內角
G5,GENERAL_OR_PREHIGH,G05-S-SECTOR-01,S-5-3,扇形與圓心角
G5,GENERAL_OR_PREHIGH,G05-S-SYM-01,S-5-4,線對稱性質
G5,GENERAL_OR_PREHIGH,G05-S-AREA-PARA-01,S-5-2,平行四邊形面積
G5,GENERAL_OR_PREHIGH,G05-S-AREA-TRI-01,S-5-2,三角形面積
G5,GENERAL_OR_PREHIGH,G05-S-AREA-TRAP-01,S-5-2,梯形面積
G5,GENERAL_OR_PREHIGH,G05-N-AREAUNIT-01,N-5-12,大面積單位換算
G5,GENERAL_OR_PREHIGH,G05-N-MASSUNIT-01,N-5-13,公噸與公斤
G5,GENERAL_OR_PREHIGH,G05-S-SOLID-01,S-5-7,立體形體分類
G5,GENERAL_OR_PREHIGH,G05-S-FACE-01,S-5-6,面與面的平行垂直
G5,GENERAL_OR_PREHIGH,G05-S-VOLUME-01,S-5-5,體積公式
G5,GENERAL_OR_PREHIGH,G05-N-VOLUNIT-01,N-5-14,立方公尺
G5,GENERAL_OR_PREHIGH,G05-S-SURFACE-01,S-5-5,表面積
G5,GENERAL_OR_PREHIGH,G05-N-CAPACITY-01,N-5-15,容積容量關係
G5,GENERAL_OR_PREHIGH,G05-N-DISPLACE-01,N-5-15,排水法求不規則體積
G5,GENERAL_OR_PREHIGH,G05-R-MULTISTEP-01,N-5-2 / R-5-1,三步驟併式
G5,GENERAL_OR_PREHIGH,G05-R-LAW-01,R-5-2,分配律與簡化計算
G5,GENERAL_OR_PREHIGH,G05-R-SYMBOL-01,R-5-3,用符號表示量
G5,GENERAL_OR_PREHIGH,G05-D-LINE-01,D-5-1,讀取折線圖
G5,GENERAL_OR_PREHIGH,G05-D-LINE-02,D-5-1,製作折線圖
G6,GENERAL_OR_PREHIGH,G06-N-PRIME-01,N-6-1,質數、合數與1
G6,GENERAL_OR_PREHIGH,G06-N-PRIME-02,N-6-1,質因數
G6,GENERAL_OR_PREHIGH,G06-N-PRIME-03,N-6-1,短除法質因數分解
G6,GENERAL_OR_PREHIGH,G06-N-COPRIME-01,N-6-2,互質
G6,GENERAL_OR_PREHIGH,G06-N-GCF-01,N-6-2,短除法求最大公因數
G6,GENERAL_OR_PREHIGH,G06-N-LCM-01,N-6-2,短除法求最小公倍數
G6,GENERAL_OR_PREHIGH,G06-N-GCFLCM-APP-01,N-6-2,分組與週期應用
G6,GENERAL_OR_PREHIGH,G06-N-FRAC-DIV-01,N-6-3,整數除以分數
G6,GENERAL_OR_PREHIGH,G06-N-FRAC-DIV-02,N-6-3,分數除以分數
G6,GENERAL_OR_PREHIGH,G06-N-FRAC-DIV-03,N-6-3,分數除法文字題
G6,GENERAL_OR_PREHIGH,G06-N-DEC-DIV-01,N-6-4,整數除以小數
G6,GENERAL_OR_PREHIGH,G06-N-DEC-DIV-02,N-6-4,小數除以小數
G6,GENERAL_OR_PREHIGH,G06-N-DEC-DIV-03,N-6-4,小數除法取概數
G6,GENERAL_OR_PREHIGH,G06-R-MIXED-01,N-6-5 / R-6-1,小數四則混合
G6,GENERAL_OR_PREHIGH,G06-R-MIXED-02,N-6-5 / R-6-1,分數四則混合
G6,GENERAL_OR_PREHIGH,G06-R-MIXED-03,N-6-5 / R-6-1,分數小數混合
G6,GENERAL_OR_PREHIGH,G06-N-RATIO-01,N-6-6,比的意義與記法
G6,GENERAL_OR_PREHIGH,G06-N-RATIO-02,N-6-6,比值
G6,GENERAL_OR_PREHIGH,G06-N-RATIO-03,N-6-6,等比與最簡整數比
G6,GENERAL_OR_PREHIGH,G06-N-RATIO-APP-01,N-6-6,按比分配
G6,GENERAL_OR_PREHIGH,G06-N-SPEED-01,N-6-7,速率的意義
G6,GENERAL_OR_PREHIGH,G06-N-SPEED-02,N-6-7,三量關係
G6,GENERAL_OR_PREHIGH,G06-N-SPEED-03,N-6-7,秒速分速時速換算
G6,GENERAL_OR_PREHIGH,G06-N-SPEED-APP-01,N-6-7,平均速率
G6,GENERAL_OR_PREHIGH,G06-N-SPEED-APP-02,N-6-7 / R-6-4,相遇、相離與追趕
G6,GENERAL_OR_PREHIGH,G06-N-BASE-01,N-6-8,辨認基準量
G6,GENERAL_OR_PREHIGH,G06-N-BASE-02,N-6-8,比較量與倍數
G6,GENERAL_OR_PREHIGH,G06-N-BASE-03,N-6-8,兩量和差
G6,GENERAL_OR_PREHIGH,G06-R-PATTERN-01,R-6-2,數形規律
G6,GENERAL_OR_PREHIGH,G06-R-INVARIANT-01,R-6-1 / R-6-2,和差積商不變
G6,GENERAL_OR_PREHIGH,G06-R-INTERVAL-01,N-6-9 / R-6-4,間隔問題
G6,GENERAL_OR_PREHIGH,G06-R-COUNT-01,N-6-9 / R-6-4,搭配與組合
G6,GENERAL_OR_PREHIGH,G06-R-AGES-01,N-6-9 / R-6-4,年齡問題
G6,GENERAL_OR_PREHIGH,G06-R-SUMDIFF-01,N-6-9 / R-6-4,和差問題
G6,GENERAL_OR_PREHIGH,G06-R-CHICKEN-01,N-6-9 / R-6-4,雙條件總量推理
G6,GENERAL_OR_PREHIGH,G06-R-EXPR-01,R-6-3,文字轉關係式
G6,GENERAL_OR_PREHIGH,G06-S-SCALE-01,S-6-1,放大縮小性質
G6,GENERAL_OR_PREHIGH,G06-S-SCALE-02,S-6-1,繪製放大縮小圖
G6,GENERAL_OR_PREHIGH,G06-S-MAPSCALE-01,S-6-2,比例尺表示
G6,GENERAL_OR_PREHIGH,G06-S-MAPSCALE-02,S-6-2,比例尺應用
G6,GENERAL_OR_PREHIGH,G06-S-PI-01,S-6-3,圓周率
G6,GENERAL_OR_PREHIGH,G06-S-CIRC-01,S-6-3,圓周長
G6,GENERAL_OR_PREHIGH,G06-S-ARC-01,S-6-3,扇形弧長與周長
G6,GENERAL_OR_PREHIGH,G06-S-CIRCLEAREA-01,S-6-3,圓面積
G6,GENERAL_OR_PREHIGH,G06-S-SECTORAREA-01,S-6-3,扇形面積
G6,GENERAL_OR_PREHIGH,G06-S-COMPOSITE-AREA-01,S-6-3,圓與扇形複合面積
G6,GENERAL_OR_PREHIGH,G06-S-PRISM-VOL-01,S-6-4,角柱與圓柱體積
G6,GENERAL_OR_PREHIGH,G06-S-PRISM-VOL-02,S-6-4,複合柱體體積
G6,GENERAL_OR_PREHIGH,G06-S-PRISM-SURF-01,S-6-4,角柱與圓柱表面積
G6,GENERAL_OR_PREHIGH,G06-D-PIE-01,D-6-1,報讀圓形圖
G6,GENERAL_OR_PREHIGH,G06-D-PIE-02,D-6-1,製作圓形圖
G6,GENERAL_OR_PREHIGH,G06-D-PIE-03,D-6-1,選圖與比較
G6,GENERAL_OR_PREHIGH,G06-D-PROB-01,D-6-2,可能性判讀
G7,GENERAL_OR_PREHIGH,G07-N-PRIME-01,N-7-1,質數與合數
G7,GENERAL_OR_PREHIGH,G07-N-SIEVE-01,N-7-1,質數篩法
G7,GENERAL_OR_PREHIGH,G07-N-FACT-STD-01,N-7-2,質因數標準分解式
G7,GENERAL_OR_PREHIGH,G07-N-FACTORCOUNT-01,N-7-2,由標準分解式判斷因數
G7,GENERAL_OR_PREHIGH,G07-N-GCDLCM-01,N-7-2,以標準分解式求公因公倍
G7,GENERAL_OR_PREHIGH,G07-N-SIGNED-01,N-7-3 / N-7-5,正數負數與相反量
G7,GENERAL_OR_PREHIGH,G07-N-NUMBERLINE-01,N-7-5,負數數線與大小
G7,GENERAL_OR_PREHIGH,G07-N-OPPOSITE-01,N-7-3 / N-7-5,相反數
G7,GENERAL_OR_PREHIGH,G07-N-ABS-01,N-7-5,絕對值的距離意義
G7,GENERAL_OR_PREHIGH,G07-N-DIST-01,N-7-5,兩點距離 |a-b|
G7,GENERAL_OR_PREHIGH,G07-N-ADDINT-01,N-7-3,正負數加法
G7,GENERAL_OR_PREHIGH,G07-N-SUBINT-01,N-7-3,正負數減法
G7,GENERAL_OR_PREHIGH,G07-N-MULINT-01,N-7-3,正負數乘法
G7,GENERAL_OR_PREHIGH,G07-N-DIVINT-01,N-7-3,正負數除法
G7,GENERAL_OR_PREHIGH,G07-N-MIXED-01,N-7-3 / N-7-4,含負數四則混合
G7,GENERAL_OR_PREHIGH,G07-N-LAWS-01,N-7-4,交換結合分配律
G7,GENERAL_OR_PREHIGH,G07-N-NEG-BRACKET-01,N-7-4,括號前負號
G7,GENERAL_OR_PREHIGH,G07-N-POWER-01,N-7-6,底數指數與乘方
G7,GENERAL_OR_PREHIGH,G07-N-ZEROPOWER-01,N-7-6,零次方
G7,GENERAL_OR_PREHIGH,G07-N-POWER-CMP-01,N-7-6,同底數冪大小比較
G7,GENERAL_OR_PREHIGH,G07-N-INDEX-MUL-01,N-7-7,同底數乘法
G7,GENERAL_OR_PREHIGH,G07-N-INDEX-DIV-01,N-7-7,同底數除法
G7,GENERAL_OR_PREHIGH,G07-N-INDEX-POW-01,N-7-7,乘方的乘方
G7,GENERAL_OR_PREHIGH,G07-N-INDEX-PROD-01,N-7-7,乘積的乘方
G7,GENERAL_OR_PREHIGH,G07-N-SCI-01,N-7-8,大數科學記號
G7,GENERAL_OR_PREHIGH,G07-N-SCI-SMALL-01,N-7-8,小數科學記號
G7,GENERAL_OR_PREHIGH,G07-N-SCI-CMP-01,N-7-8,科學記號大小比較
G7,GENERAL_OR_PREHIGH,G07-A-SYMBOL-01,A-7-1,以字母代表數
G7,GENERAL_OR_PREHIGH,G07-A-EXPR-READ-01,A-7-1,代數式簡記與讀法
G7,GENERAL_OR_PREHIGH,G07-A-LIKE-01,A-7-1,同類項辨認
G7,GENERAL_OR_PREHIGH,G07-A-COMBINE-01,A-7-1,合併同類項
G7,GENERAL_OR_PREHIGH,G07-A-SUBSTITUTE-01,A-7-1,代數式求值
G7,GENERAL_OR_PREHIGH,G07-A-EXPR-APP-01,A-7-1,文字轉代數式
G7,GENERAL_OR_PREHIGH,G07-A-LINEQ-MEAN-01,A-7-2,方程式與解
G7,GENERAL_OR_PREHIGH,G07-A-LINEQ-FORM-01,A-7-2,文字轉方程式
G7,GENERAL_OR_PREHIGH,G07-A-EQUALITY-01,A-7-3,等量公理
G7,GENERAL_OR_PREHIGH,G07-A-TRANSPOSE-01,A-7-3,移項法則
G7,GENERAL_OR_PREHIGH,G07-A-SOLVE-01,A-7-3,含括號與分數的一次方程式
G7,GENERAL_OR_PREHIGH,G07-A-CHECK-01,A-7-3,代回驗算
G7,GENERAL_OR_PREHIGH,G07-A-EQAPP-01,A-7-3,一元一次方程式文字題
G7,GENERAL_OR_PREHIGH,G07-A-TWOEQ-MEAN-01,A-7-4,二元一次方程式與解
G7,GENERAL_OR_PREHIGH,G07-A-SYSTEM-MEAN-01,A-7-4,聯立方程式與共同解
G7,GENERAL_OR_PREHIGH,G07-A-SYSTEM-FORM-01,A-7-4,文字轉聯立方程式
G7,GENERAL_OR_PREHIGH,G07-A-SUBMETHOD-01,A-7-5,代入消去法
G7,GENERAL_OR_PREHIGH,G07-A-ELIMMETHOD-01,A-7-5,加減消去法
G7,GENERAL_OR_PREHIGH,G07-A-SYSTEM-CHECK-01,A-7-5,聯立解驗算
G7,GENERAL_OR_PREHIGH,G07-A-SYSTEM-APP-01,A-7-5,二元一次聯立文字題
G7,GENERAL_OR_PREHIGH,G07-G-COORD-01,G-7-1,坐標軸與象限
G7,GENERAL_OR_PREHIGH,G07-G-PLOT-01,G-7-1,報讀與標示坐標點
G7,GENERAL_OR_PREHIGH,G07-G-DIST-01,G-7-1,水平垂直距離
G7,GENERAL_OR_PREHIGH,G07-A-LINEGRAPH-01,A-7-6 / G-7-1,由方程式找點畫直線
G7,GENERAL_OR_PREHIGH,G07-A-HVLINE-01,A-7-6 / G-7-1,x=c與y=c
G7,GENERAL_OR_PREHIGH,G07-A-SYS-GEO-01,A-7-6,兩直線交點與唯一解
G7,GENERAL_OR_PREHIGH,G07-N-RATIO-01,N-7-9,比與比值
G7,GENERAL_OR_PREHIGH,G07-N-PROP-01,N-7-9,比例式
G7,GENERAL_OR_PREHIGH,G07-N-DIRECT-01,N-7-9,正比關係
G7,GENERAL_OR_PREHIGH,G07-N-INVERSE-01,N-7-9,反比關係
G7,GENERAL_OR_PREHIGH,G07-N-PROP-APP-01,N-7-9,比例式生活題
G7,GENERAL_OR_PREHIGH,G07-A-INEQ-MEAN-01,A-7-7,不等號與數量範圍
G7,GENERAL_OR_PREHIGH,G07-A-INEQ-FORM-01,A-7-7,文字轉不等式
G7,GENERAL_OR_PREHIGH,G07-A-INEQ-SOLVE-01,A-7-8,單一一元一次不等式
G7,GENERAL_OR_PREHIGH,G07-A-INEQ-LINE-01,A-7-8,解集數線表示
G7,GENERAL_OR_PREHIGH,G07-A-INEQ-APP-01,A-7-8,範圍與最少最多問題
G7,GENERAL_OR_PREHIGH,G07-D-CHART-01,D-7-1,統計圖表判讀
G7,GENERAL_OR_PREHIGH,G07-D-HIST-01,D-7-1,直方圖
G7,GENERAL_OR_PREHIGH,G07-D-CONTINGENCY-01,D-7-1,列聯表
G7,GENERAL_OR_PREHIGH,G07-D-MEAN-01,D-7-2,平均數
G7,GENERAL_OR_PREHIGH,G07-D-MEDIAN-01,D-7-2,中位數
G7,GENERAL_OR_PREHIGH,G07-D-MODE-01,D-7-2,眾數
G7,GENERAL_OR_PREHIGH,G07-D-COMPARE-01,D-7-2,比較平均中位眾數
G7,GENERAL_OR_PREHIGH,G07-S-NOTATION-01,S-7-1,點線線段射線角符號
G7,GENERAL_OR_PREHIGH,G07-S-THREEVIEW-01,S-7-2,由立體判讀三視圖
G7,GENERAL_OR_PREHIGH,G07-S-THREEVIEW-02,S-7-2,由三視圖推立體
G7,GENERAL_OR_PREHIGH,G07-S-PERP-01,S-7-3,垂直符號與中垂線
G7,GENERAL_OR_PREHIGH,G07-S-POINTLINE-01,S-7-3,點到直線距離
G7,GENERAL_OR_PREHIGH,G07-S-SYM-PROP-01,S-7-4,線對稱性質
G7,GENERAL_OR_PREHIGH,G07-S-SYM-FIG-01,S-7-5,線對稱圖形判別
G8,GENERAL_OR_PREHIGH,G08-A-MULFORM-01,A-8-1,和平方公式
G8,GENERAL_OR_PREHIGH,G08-A-MULFORM-02,A-8-1,差平方公式
G8,GENERAL_OR_PREHIGH,G08-A-MULFORM-03,A-8-1,平方差公式
G8,GENERAL_OR_PREHIGH,G08-A-MULFORM-04,A-8-1,雙二項式展開
G8,GENERAL_OR_PREHIGH,G08-A-MULFORM-APP-01,A-8-1,公式逆辨識與數值簡算
G8,GENERAL_OR_PREHIGH,G08-A-POLY-TERM-01,A-8-2,項係數常數項
G8,GENERAL_OR_PREHIGH,G08-A-POLY-DEG-01,A-8-2,次數與最高次項
G8,GENERAL_OR_PREHIGH,G08-A-POLY-ORDER-01,A-8-2,升冪與降冪排列
G8,GENERAL_OR_PREHIGH,G08-A-POLY-ADD-01,A-8-3,多項式加法
G8,GENERAL_OR_PREHIGH,G08-A-POLY-SUB-01,A-8-3,多項式減法
G8,GENERAL_OR_PREHIGH,G08-A-POLY-MUL-MONO-01,A-8-3,單項式乘多項式
G8,GENERAL_OR_PREHIGH,G08-A-POLY-MUL-01,A-8-3,多項式乘多項式
G8,GENERAL_OR_PREHIGH,G08-A-POLY-DIV-01,A-8-3,多項式除法
G8,GENERAL_OR_PREHIGH,G08-A-POLY-ID-01,A-8-1 / A-8-3,乘法公式驗證
G8,GENERAL_OR_PREHIGH,G08-N-SQRT-MEAN-01,N-8-1,平方根與根號
G8,GENERAL_OR_PREHIGH,G08-N-SQRT-PERFECT-01,N-8-1,完全平方數平方根
G8,GENERAL_OR_PREHIGH,G08-N-RAD-SIMPLIFY-01,N-8-1,根式化簡
G8,GENERAL_OR_PREHIGH,G08-N-RAD-MUL-01,N-8-1,根式乘法
G8,GENERAL_OR_PREHIGH,G08-N-RAD-DIV-01,N-8-1,根式除法
G8,GENERAL_OR_PREHIGH,G08-N-RAD-ADD-01,N-8-1,同類根式加減
G8,GENERAL_OR_PREHIGH,G08-N-RAD-MIX-01,N-8-1 / A-8-1,根式混合與乘法公式
G8,GENERAL_OR_PREHIGH,G08-N-SQRT-INTPART-01,N-8-2,平方根整數部分
G8,GENERAL_OR_PREHIGH,G08-N-SQRT-APPROX-01,N-8-2,十分逼近
G8,GENERAL_OR_PREHIGH,G08-S-PYTH-01,S-8-6,畢氏定理
G8,GENERAL_OR_PREHIGH,G08-S-PYTH-INV-01,S-8-6,畢氏逆定理
G8,GENERAL_OR_PREHIGH,G08-S-PYTH-LEN-01,S-8-6,未知邊長
G8,GENERAL_OR_PREHIGH,G08-S-PYTH-APP-01,S-8-6,生活與複合圖形
G8,GENERAL_OR_PREHIGH,G08-G-DIST-01,G-8-1 / S-8-6,兩點距離公式
G8,GENERAL_OR_PREHIGH,G08-G-DIST-APP-01,G-8-1,坐標幾何應用
G8,GENERAL_OR_PREHIGH,G08-A-FACTOR-MEAN-01,A-8-4,因式與倍式
G8,GENERAL_OR_PREHIGH,G08-A-FACTOR-GCF-01,A-8-5,單項式公因式
G8,GENERAL_OR_PREHIGH,G08-A-FACTOR-GROUP-01,A-8-5,共同多項式因式
G8,GENERAL_OR_PREHIGH,G08-A-FACTOR-SQ1-01,A-8-5,完全平方公式因式分解
G8,GENERAL_OR_PREHIGH,G08-A-FACTOR-DIFFSQ-01,A-8-5,平方差因式分解
G8,GENERAL_OR_PREHIGH,G08-A-FACTOR-CROSS1-01,A-8-5,首項係數1
G8,GENERAL_OR_PREHIGH,G08-A-FACTOR-CROSS2-01,A-8-5,首項係數非1
G8,GENERAL_OR_PREHIGH,G08-A-FACTOR-CHOICE-01,A-8-4 / A-8-5,選擇因式分解方法
G8,GENERAL_OR_PREHIGH,G08-A-FACTOR-CHECK-01,A-8-4,乘回驗證
G8,GENERAL_OR_PREHIGH,G08-A-QUAD-MEAN-01,A-8-6,一元二次方程式與解
G8,GENERAL_OR_PREHIGH,G08-A-QUAD-FORM-01,A-8-6,由情境列二次方程式
G8,GENERAL_OR_PREHIGH,G08-A-QUAD-FACT-01,A-8-7,因式分解法
G8,GENERAL_OR_PREHIGH,G08-A-QUAD-SQRT-01,A-8-7,平方根法
G8,GENERAL_OR_PREHIGH,G08-A-QUAD-COMPLETE-01,A-8-7,配方法
G8,GENERAL_OR_PREHIGH,G08-A-QUAD-FORMULA-01,A-8-7,公式解
G8,GENERAL_OR_PREHIGH,G08-A-QUAD-ROOTTYPE-01,A-8-7,根的存在與重根初步
G8,GENERAL_OR_PREHIGH,G08-A-QUAD-CHECK-01,A-8-7,代回驗根
G8,GENERAL_OR_PREHIGH,G08-A-QUAD-APP-01,A-8-7,面積與數量應用
G8,GENERAL_OR_PREHIGH,G08-A-QUAD-APPROX-01,A-8-7 / N-8-2,計算機近似根
G8,GENERAL_OR_PREHIGH,G08-D-RELATIVE-01,D-8-1,相對次數
G8,GENERAL_OR_PREHIGH,G08-D-CUMFREQ-01,D-8-1,累積次數
G8,GENERAL_OR_PREHIGH,G08-D-CUMREL-01,D-8-1,累積相對次數
G8,GENERAL_OR_PREHIGH,G08-D-OGIVE-01,D-8-1,累積相對次數折線圖
G8,GENERAL_OR_PREHIGH,G08-D-DIST-APP-01,D-8-1,分布比較
G8,GENERAL_OR_PREHIGH,G08-N-SEQ-MEAN-01,N-8-3,數列與項
G8,GENERAL_OR_PREHIGH,G08-N-SEQ-PATTERN-01,N-8-3,一般規律數列
G8,GENERAL_OR_PREHIGH,G08-N-ARITH-MEAN-01,N-8-4,首項公差
G8,GENERAL_OR_PREHIGH,G08-N-ARITH-TERM-01,N-8-4,等差數列一般項
G8,GENERAL_OR_PREHIGH,G08-N-ARITH-REVERSE-01,N-8-4,由相鄰/含首項資料反求
G8,GENERAL_OR_PREHIGH,G08-N-ARITH-MID-01,N-8-4,等差中項
G8,GENERAL_OR_PREHIGH,G08-N-ARITH-SUM-01,N-8-5,前n項和
G8,GENERAL_OR_PREHIGH,G08-N-ARITH-SUMAPP-01,N-8-5,生活與圖形應用
G8,GENERAL_OR_PREHIGH,G08-N-GEO-MEAN-01,N-8-6,首項公比
G8,GENERAL_OR_PREHIGH,G08-N-GEO-TERM-01,N-8-6,等比數列一般項
G8,GENERAL_OR_PREHIGH,G08-N-GEO-MID-01,N-8-6,等比中項
G8,GENERAL_OR_PREHIGH,G08-F-FUNC-MEAN-01,F-8-1,對應關係
G8,GENERAL_OR_PREHIGH,G08-F-CONST-01,F-8-1,常數函數
G8,GENERAL_OR_PREHIGH,G08-F-LINEAR-01,F-8-1,一次函數y=ax+b
G8,GENERAL_OR_PREHIGH,G08-F-TABLE-01,F-8-1,函數表格
G8,GENERAL_OR_PREHIGH,G08-F-GRAPH-01,F-8-2,一次函數圖形
G8,GENERAL_OR_PREHIGH,G08-F-CONSTGRAPH-01,F-8-2,常數函數圖形
G8,GENERAL_OR_PREHIGH,G08-F-GRAPH-READ-01,F-8-2,由圖讀變化
G8,GENERAL_OR_PREHIGH,G08-F-MODEL-01,F-8-1 / F-8-2,線性情境建模
G8,GENERAL_OR_PREHIGH,G08-S-ANGLE-REL-01,S-8-1,互餘互補與對頂角
G8,GENERAL_OR_PREHIGH,G08-S-TRANSVERSAL-01,S-8-1 / S-8-3,同位內錯同側內角
G8,GENERAL_OR_PREHIGH,G08-S-POLY-INNER-01,S-8-2,凸多邊形內角和
G8,GENERAL_OR_PREHIGH,G08-S-REGPOLY-01,S-8-2,每一內角
G8,GENERAL_OR_PREHIGH,G08-S-PARALLEL-01,S-8-3,由平行推角關係
G8,GENERAL_OR_PREHIGH,G08-S-PARALLEL-REV-01,S-8-3,由角關係判平行
G8,GENERAL_OR_PREHIGH,G08-S-CONGRUENT-01,S-8-4,全等與對應
G8,GENERAL_OR_PREHIGH,G08-S-TRI-SSS-01,S-8-5,SSS
G8,GENERAL_OR_PREHIGH,G08-S-TRI-SAS-01,S-8-5,SAS
G8,GENERAL_OR_PREHIGH,G08-S-TRI-ASA-01,S-8-5,ASA/AAS
G8,GENERAL_OR_PREHIGH,G08-S-TRI-RHS-01,S-8-5,RHS
G8,GENERAL_OR_PREHIGH,G08-S-CONG-PROOF-01,S-8-5 / S-8-12,由全等推出邊角相等
G8,GENERAL_OR_PREHIGH,G08-S-EQUIL-H-01,S-8-7,正三角形高
G8,GENERAL_OR_PREHIGH,G08-S-EQUIL-A-01,S-8-7,正三角形面積
G8,GENERAL_OR_PREHIGH,G08-S-COMPOSITE-AREA-01,S-8-7,含正三角形/根式的複合面積
G8,GENERAL_OR_PREHIGH,G08-S-ISO-01,S-8-8,等邊對等角
G8,GENERAL_OR_PREHIGH,G08-S-BIGANGLE-01,S-8-8,大角對大邊
G8,GENERAL_OR_PREHIGH,G08-S-TRI-INEQ-01,S-8-8,兩邊和大於第三邊
G8,GENERAL_OR_PREHIGH,G08-S-EXTERIOR-01,S-8-8,外角等於兩內對角和
G8,GENERAL_OR_PREHIGH,G08-S-PARA-PROP-01,S-8-9,邊角與對角線性質
G8,GENERAL_OR_PREHIGH,G08-S-PARA-TEST-01,S-8-9,判定條件
G8,GENERAL_OR_PREHIGH,G08-S-RECT-PROP-01,S-8-10,對角線等長互相平分
G8,GENERAL_OR_PREHIGH,G08-S-RHOM-PROP-01,S-8-10,對角線垂直平分
G8,GENERAL_OR_PREHIGH,G08-S-KITE-PROP-01,S-8-10,一條對角線垂直平分另一條
G8,GENERAL_OR_PREHIGH,G08-S-TRAP-ISO-01,S-8-11,底角相等與線對稱
G8,GENERAL_OR_PREHIGH,G08-S-TRAP-MID-01,S-8-11,中點連線
G8,GENERAL_OR_PREHIGH,G08-S-COMPASS-COPY-01,S-8-12,複製線段角三角形
G8,GENERAL_OR_PREHIGH,G08-S-COMPASS-BISECT-01,S-8-12,中垂線與角平分線
G8,GENERAL_OR_PREHIGH,G08-S-COMPASS-PERP-01,S-8-12,作垂直線與平行線
G8,GENERAL_OR_PREHIGH,G08-S-PROOF-BASIC-01,S-8-12,寫出性質依據
G9,GENERAL_OR_PREHIGH,G09-N-CONT-RATIO-01,N-9-1,連比記法
G9,GENERAL_OR_PREHIGH,G09-N-CONT-RATIO-02,N-9-1,由兩組比合成連比
G9,GENERAL_OR_PREHIGH,G09-N-CONT-RATIO-03,N-9-1,連比例式性質
G9,GENERAL_OR_PREHIGH,G09-N-CONT-RATIO-04,N-9-1,按連比分配
G9,GENERAL_OR_PREHIGH,G09-N-CONT-RATIO-05,N-9-1,連比改變問題
G9,GENERAL_OR_PREHIGH,G09-S-SIM-SCALE-01,S-9-1,縮放中心與倍率
G9,GENERAL_OR_PREHIGH,G09-S-SIM-POLY-01,S-9-1,對應角與對應邊
G9,GENERAL_OR_PREHIGH,G09-S-SIM-RATIO-01,S-9-1,相似比
G9,GENERAL_OR_PREHIGH,G09-S-SIM-AAA-01,S-9-2,AA相似
G9,GENERAL_OR_PREHIGH,G09-S-SIM-SAS-01,S-9-2,SAS相似
G9,GENERAL_OR_PREHIGH,G09-S-SIM-SSS-01,S-9-2,SSS相似
G9,GENERAL_OR_PREHIGH,G09-S-SIM-HIGH-01,S-9-2,對應高之比
G9,GENERAL_OR_PREHIGH,G09-S-SIM-AREA-01,S-9-2,面積比
G9,GENERAL_OR_PREHIGH,G09-S-SIM-APP-01,S-9-2,間接測量
G9,GENERAL_OR_PREHIGH,G09-S-PAR-MID-01,S-9-3,三角形中點連線
G9,GENERAL_OR_PREHIGH,G09-S-PAR-PROP-01,S-9-3,平行線截比例線段
G9,GENERAL_OR_PREHIGH,G09-S-PAR-REV-01,S-9-3,比例反推平行
G9,GENERAL_OR_PREHIGH,G09-S-PAR-APP-01,S-9-3,複合比例線段
G9,GENERAL_OR_PREHIGH,G09-S-RT-306090-01,S-9-4,30-60-90
G9,GENERAL_OR_PREHIGH,G09-S-RT-454590-01,S-9-4,45-45-90
G9,GENERAL_OR_PREHIGH,G09-S-TRIG-RATIO-01,S-9-4,固定銳角的邊長比不變
G9,GENERAL_OR_PREHIGH,G09-S-TRIG-CALC-01,S-9-4,計算機求三角比近似值
G9,GENERAL_OR_PREHIGH,G09-S-TRIG-APP-01,S-9-4,高距測量
G9,GENERAL_OR_PREHIGH,G09-S-ARC-01,S-9-5,弧與弦基本概念
G9,GENERAL_OR_PREHIGH,G09-S-ARCLEN-01,S-9-5,弧長
G9,GENERAL_OR_PREHIGH,G09-S-SECTOR-01,S-9-5,扇形面積
G9,GENERAL_OR_PREHIGH,G09-S-ARCSECTOR-APP-01,S-9-5,複合弧長面積
G9,GENERAL_OR_PREHIGH,G09-S-CENTERANGLE-01,S-9-6,圓心角與弧
G9,GENERAL_OR_PREHIGH,G09-S-INSCRIBED-01,S-9-6,圓周角
G9,GENERAL_OR_PREHIGH,G09-S-DIAMETER-ANGLE-01,S-9-6,直徑所對圓周角
G9,GENERAL_OR_PREHIGH,G09-S-CYCLIC-01,S-9-6,圓內接四邊形
G9,GENERAL_OR_PREHIGH,G09-S-TANGENTSEG-01,S-9-6,同外點切線段等長
G9,GENERAL_OR_PREHIGH,G09-S-POINTCIRCLE-01,S-9-7,點與圓
G9,GENERAL_OR_PREHIGH,G09-S-LINECIRCLE-01,S-9-7,直線與圓
G9,GENERAL_OR_PREHIGH,G09-S-TANGENT-01,S-9-7,半徑垂直切線
G9,GENERAL_OR_PREHIGH,G09-S-CHORDDIST-01,S-9-7,弦心距垂直平分弦
G9,GENERAL_OR_PREHIGH,G09-S-CIRCLE-MIX-01,S-9-6 / S-9-7,圓角弦切綜合
G9,GENERAL_OR_PREHIGH,G09-S-CIRCUMCENTER-01,S-9-8,外心與外接圓
G9,GENERAL_OR_PREHIGH,G09-S-CIRCUMCENTER-02,S-9-8,外心到頂點等距
G9,GENERAL_OR_PREHIGH,G09-S-CIRCUMCENTER-03,S-9-8,直角三角形外心
G9,GENERAL_OR_PREHIGH,G09-S-INCENTER-01,S-9-9,內心與內切圓
G9,GENERAL_OR_PREHIGH,G09-S-INCENTER-02,S-9-9,到三邊等距
G9,GENERAL_OR_PREHIGH,G09-S-INCENTER-AREA-01,S-9-9,面積與內切圓半徑
G9,GENERAL_OR_PREHIGH,G09-S-INCENTER-RT-01,S-9-9,直角三角形內切圓半徑
G9,GENERAL_OR_PREHIGH,G09-S-CENTROID-01,S-9-10,重心與中線
G9,GENERAL_OR_PREHIGH,G09-S-CENTROID-RATIO-01,S-9-10,2:1 分點
G9,GENERAL_OR_PREHIGH,G09-S-CENTROID-AREA-01,S-9-10,六等分面積
G9,GENERAL_OR_PREHIGH,G09-S-CENTERS-COMPARE-01,S-9-8 / S-9-9 / S-9-10,外心內心重心辨識
G9,GENERAL_OR_PREHIGH,G09-S-PROOF-MEAN-01,S-9-11,敘述與理由
G9,GENERAL_OR_PREHIGH,G09-S-PROOF-GEO-01,S-9-11,直接幾何推理
G9,GENERAL_OR_PREHIGH,G09-S-PROOF-ALG-01,S-9-11,代數恆等與整除推理
G9,GENERAL_OR_PREHIGH,G09-S-PROOF-COUNTER-01,S-9-11,用反例否定命題
G9,GENERAL_OR_PREHIGH,G09-S-SPACE-LINE-01,S-9-12,平行垂直歪斜
G9,GENERAL_OR_PREHIGH,G09-S-SPACE-LINEPLANE-01,S-9-12,線面平行垂直
G9,GENERAL_OR_PREHIGH,G09-S-SPACE-VIEW-01,S-9-12,示意圖判讀
G9,GENERAL_OR_PREHIGH,G09-S-PRISM-NET-01,S-9-13,直角柱展開圖
G9,GENERAL_OR_PREHIGH,G09-S-PRISM-SA-01,S-9-13,直角柱表面積
G9,GENERAL_OR_PREHIGH,G09-S-PRISM-VOL-01,S-9-13,直角柱體積
G9,GENERAL_OR_PREHIGH,G09-S-CONE-NET-01,S-9-13,直圓錐展開圖
G9,GENERAL_OR_PREHIGH,G09-S-CONE-SA-01,S-9-13,直圓錐表面積
G9,GENERAL_OR_PREHIGH,G09-S-PYRAMID-NET-01,S-9-13,正角錐展開圖
G9,GENERAL_OR_PREHIGH,G09-S-PYRAMID-SA-01,S-9-13,正角錐表面積
G9,GENERAL_OR_PREHIGH,G09-F-QUAD-MEAN-01,F-9-1,二次函數與二次方程式區別
G9,GENERAL_OR_PREHIGH,G09-F-QUAD-CONTEXT-01,F-9-1,具體二次關係
G9,GENERAL_OR_PREHIGH,G09-F-PARABOLA-01,F-9-2,y=ax²基本圖形
G9,GENERAL_OR_PREHIGH,G09-F-SHIFT-V-01,F-9-2,y=ax²+k
G9,GENERAL_OR_PREHIGH,G09-F-SHIFT-H-01,F-9-2,y=a(x-h)²
G9,GENERAL_OR_PREHIGH,G09-F-VERTEX-01,F-9-2,y=a(x-h)²+k
G9,GENERAL_OR_PREHIGH,G09-F-EXTREME-01,F-9-2,最大值最小值
G9,GENERAL_OR_PREHIGH,G09-F-GRAPH-TRANS-01,F-9-2,平移關係
G9,GENERAL_OR_PREHIGH,G09-F-QUAD-GRAPH-APP-01,F-9-2,由圖判讀參數與特性
G9,GENERAL_OR_PREHIGH,G09-D-RANGE-01,D-9-1,全距
G9,GENERAL_OR_PREHIGH,G09-D-QUARTILE-01,D-9-1,四分位數
G9,GENERAL_OR_PREHIGH,G09-D-IQR-01,D-9-1,四分位距
G9,GENERAL_OR_PREHIGH,G09-D-BOXPLOT-READ-01,D-9-1,盒狀圖報讀
G9,GENERAL_OR_PREHIGH,G09-D-BOXPLOT-COMP-01,D-9-1,兩組資料比較
G9,GENERAL_OR_PREHIGH,G09-D-PROB-MEAN-01,D-9-2,機率與樣本空間
G9,GENERAL_OR_PREHIGH,G09-D-TREE-01,D-9-2,兩層樹狀圖
G9,GENERAL_OR_PREHIGH,G09-D-TREE-PROB-01,D-9-2 / D-9-3,兩階段機率
G9,GENERAL_OR_PREHIGH,G09-D-CLASSICAL-01,D-9-3,等可能結果
G9,GENERAL_OR_PREHIGH,G09-D-COIN-DICE-01,D-9-3,硬幣骰子撲克牌抽球
G9,GENERAL_OR_PREHIGH,G09-D-COMPLEMENT-01,D-9-3,反事件初步
G9,GENERAL_OR_PREHIGH,G09-D-EXPERIMENT-01,D-9-3,不對稱物體實驗
G10,GENERAL,G10G-N-REAL-01,N-10-1,有理數與無理數
G10,GENERAL,G10G-N-REAL-02,N-10-1,無理數估算
G10,GENERAL,G10G-N-SCI-01,N-10-1,科學記號運算
G10,GENERAL,G10G-N-SIGFIG-01,N-10-1 / N-10-5,有效位數
G10,GENERAL,G10G-N-ERROR-01,N-10-5,數值誤差
G10,GENERAL,G10G-N-ABS-EQ-01,N-10-2,絕對值方程式
G10,GENERAL,G10G-N-ABS-INEQ-01,N-10-2,絕對值不等式
G10,GENERAL,G10G-N-INTERVAL-01,N-10-2 / F-10-3,區間符號
G10,GENERAL,G10G-N-ERROR-RANGE-01,N-10-2,誤差範圍
G10,GENERAL,G10G-N-EXP-FRAC-01,N-10-3,分數次方
G10,GENERAL,G10G-N-EXP-REAL-01,N-10-3,實數指數
G10,GENERAL,G10G-N-GEOMEAN-01,N-10-3,幾何平均
G10,GENERAL,G10G-N-AMGM-01,N-10-3,算幾不等式
G10,GENERAL,G10G-N-LOG-01,N-10-4,log意義
G10,GENERAL,G10G-N-LOG-SCI-01,N-10-4,對數與科學記號
G10,GENERAL,G10G-N-LOG-CALC-01,N-10-4,計算機log/10^x
G10,GENERAL,G10G-A-CUBICFORM-01,A-10-1,立方和差公式
G10,GENERAL,G10G-A-CUBICFORM-02,A-10-1,和立方/差立方因式分解
G10,GENERAL,G10G-A-RADICAL-01,A-10-1,根式綜合運算
G10,GENERAL,G10G-A-RATIONAL-01,A-10-1,分式四則
G10,GENERAL,G10G-A-REMAINDER-01,A-10-2,餘式定理
G10,GENERAL,G10G-A-FACTOR-THM-01,A-10-2,因式定理
G10,GENERAL,G10G-A-SYNTH-01,A-10-2,綜合除法
G10,GENERAL,G10G-A-XA-EXPAND-01,A-10-2 / F-10-2,以(x-a)為基準重寫多項式
G10,GENERAL,G10G-F-FNOT-01,F-10-1,f(x)意義
G10,GENERAL,G10G-F-LINEAR-01,F-10-1,一次函數與平移
G10,GENERAL,G10G-F-SECTION-01,F-10-1,數線分點公式
G10,GENERAL,G10G-F-QUAD-COMPLETE-01,F-10-1,一般式配方
G10,GENERAL,G10G-F-QUAD-TRANS-01,F-10-1,圖形轉換
G10,GENERAL,G10G-F-QUAD-CLOSED-01,F-10-1,閉區間極值應用
G10,GENERAL,G10G-F-CUBIC-SYM-01,F-10-2,三次函數對稱性
G10,GENERAL,G10G-F-CUBIC-GLOBAL-01,F-10-2,大域特徵
G10,GENERAL,G10G-F-CUBIC-LOCAL-01,F-10-2,局部近似
G10,GENERAL,G10G-F-POLY-INEQ-01,F-10-3,一次二次不等式
G10,GENERAL,G10G-F-POLY-INEQ-02,F-10-3,已分解高次不等式
G10,GENERAL,G10G-F-GRAPH-INEQ-01,F-10-3,函數圖形與不等式
G10,GENERAL,G10G-G-SYM-01,G-10-1,坐標對稱
G10,GENERAL,G10G-G-SLOPE-01,G-10-2,斜率與斜角
G10,GENERAL,G10G-G-LINE-POINTSLOPE-01,G-10-2,點斜式
G10,GENERAL,G10G-G-LINE-TWOPOINT-01,G-10-2,兩點決定直線
G10,GENERAL,G10G-G-LINE-PARPERP-01,G-10-2,平行與垂直
G10,GENERAL,G10G-G-POINTLINE-DIST-01,G-10-2,點到直線距離
G10,GENERAL,G10G-G-PARALLEL-DIST-01,G-10-2,平行線距離
G10,GENERAL,G10G-G-LINEAR-REGION-01,G-10-2,半平面
G10,GENERAL,G10G-G-CIRCLE-EQ-01,G-10-3,圓標準式
G10,GENERAL,G10G-G-CIRCLE-CONV-01,G-10-3,一般二次式配方成圓
G10,GENERAL,G10G-G-LINECIRCLE-01,G-10-4,相交相切相離
G10,GENERAL,G10G-G-TANGENT-01,G-10-4,圓切線
G10,GENERAL,G10G-G-ANGLE-01,G-10-5,終邊與同界角
G10,GENERAL,G10G-G-POLAR-01,G-10-5,極坐標與直角坐標
G10,GENERAL,G10G-G-TRIG-01,G-10-6,sin cos tan定義
G10,GENERAL,G10G-G-TRIG-SPECIAL-01,G-10-6,特殊角三角比
G10,GENERAL,G10G-G-TRIG-SIGN-01,G-10-6,象限符號
G10,GENERAL,G10G-G-SINE-LAW-01,G-10-7,正弦定理
G10,GENERAL,G10G-G-COSINE-LAW-01,G-10-7,餘弦定理
G10,GENERAL,G10G-G-PROJECTION-01,G-10-7,正射影
G10,GENERAL,G10G-G-TRIG-MEASURE-01,G-10-7,斜角與測量
G10,GENERAL,G10G-N-REC-01,N-10-6,一階遞迴數列
G10,GENERAL,G10G-N-GEOSUM-01,N-10-6,有限等比級數求和
G10,GENERAL,G10G-N-SUMFORM-01,N-10-6,常用求和公式
G10,GENERAL,G10G-N-INDUCT-01,N-10-6,歸納法結構
G10,GENERAL,G10G-N-EXP-EQ-APP-01,N-10-4 / N-10-6,a^x=b近似
G10,GENERAL,G10G-N-LOGIC-PROP-01,N-10-7,命題與否定
G10,GENERAL,G10G-N-LOGIC-ANDOR-01,N-10-7,且與或
G10,GENERAL,G10G-N-LOGIC-IMPLY-01,N-10-7,充分必要充要
G10,GENERAL,G10G-D-SET-01,D-10-1,集合表示與關係
G10,GENERAL,G10G-D-SETOP-01,D-10-1,交聯餘集與文氏圖
G10,GENERAL,G10G-D-COUNT-ADD-01,D-10-3,加法與乘法原理
G10,GENERAL,G10G-D-COUNT-IE-01,D-10-3,取捨原理
G10,GENERAL,G10G-D-PERM-01,D-10-3,直線排列
G10,GENERAL,G10G-D-COMB-01,D-10-3,組合
G10,GENERAL,G10G-D-BINOM-01,D-10-3,二項式展開
G10,GENERAL,G10G-D-PROB-SPACE-01,D-10-4,樣本空間與事件
G10,GENERAL,G10G-D-PROB-COMP-01,D-10-4,複合事件
G10,GENERAL,G10G-D-EXPECT-01,D-10-4,期望值
G10,GENERAL,G10G-D-STD-01,D-10-2,標準差
G10,GENERAL,G10G-D-PERCENTILE-01,D-10-2,百分位數
G10,GENERAL,G10G-D-SCATTER-01,D-10-2,散布圖
G10,GENERAL,G10G-D-CORR-01,D-10-2,相關係數
G10,GENERAL,G10G-D-STANDARDIZE-01,D-10-2,z型標準化概念
G10,GENERAL,G10G-D-BESTFIT-01,D-10-2,最適直線
