pack,track,grade,skill_id,official_code,main_unit,subunit,skill_name,difficulty
G1,PREHIGH,G1,G01-N-COUNT-01,N-1-1,數概念,10以內的數,1到10聽讀寫做,1
G1,PREHIGH,G1,G01-N-ZERO-01,N-1-1,數概念,10以內的數,0的意義,1
G1,PREHIGH,G1,G01-N-ORDER-01,N-1-1,數概念,數序與序數,10以內數序,1
G1,PREHIGH,G1,G01-N-ORDINAL-01,N-1-1,數概念,數序與序數,基數與序數,2
G1,PREHIGH,G1,G01-N-CMP-01,N-1-1,數概念,數量比較,10以內多少比較,1
G1,PREHIGH,G1,G01-N-COMP-01,N-1-3,數概念,分與合,10以內數的合成,1
G1,PREHIGH,G1,G01-N-20-01,N-1-1,數概念,30以內的數,11到20的數,2
G1,PREHIGH,G1,G01-N-30-01,N-1-1,數概念,30以內的數,21到30的數,2
G1,PREHIGH,G1,G01-N-GROUPCOUNT-01,N-1-1,數概念,30以內的數,2、5、10個一數,2
G1,PREHIGH,G1,G01-N-100-01,N-1-1,數概念,100以內的數,100以內聽讀寫做,2
G1,PREHIGH,G1,G01-N-PLACE-01,N-1-1,數概念,100以內的數,個位與十位,2
G1,PREHIGH,G1,G01-N-100ORDER-01,N-1-1,數概念,100以內的數,100以內數序比較,2
G1,PREHIGH,G1,G01-N-ADD-MEAN-01,N-1-2 / R-1-1,加法,10以內加法,添加型加法,1
G1,PREHIGH,G1,G01-N-ADD-JOIN-01,N-1-2 / R-1-1,加法,10以內加法,併加型加法,1
G1,PREHIGH,G1,G01-N-ADD0-01,N-1-2,加法,10以內加法,含0的加法,1
G1,PREHIGH,G1,G01-N-ADD-FLUENCY-01,N-1-3,加法,基本加法,10以內加法熟練,2
G1,PREHIGH,G1,G01-R-COMMUTE-01,R-1-2,加法,加法關係,交換相加順序,2
G1,PREHIGH,G1,G01-N-SUB-TAKE-01,N-1-2 / R-1-1,減法,10以內減法,拿走型減法,1
G1,PREHIGH,G1,G01-N-SUB-PART-01,N-1-2 / R-1-1,減法,10以內減法,分解型減法,2
G1,PREHIGH,G1,G01-N-SUB-CMP-01,N-1-2,減法,10以內減法,比較型減法,2
G1,PREHIGH,G1,G01-N-SUB-FLUENCY-01,N-1-3,減法,基本減法,10以內減法熟練,2
G1,PREHIGH,G1,G01-N-18ADD-01,N-1-3,加法,20以內加法,跨10加法,3
G1,PREHIGH,G1,G01-N-18SUB-01,N-1-3,減法,20以內減法,跨10減法,3
G1,PREHIGH,G1,G01-N-2DIGADD-01,N-1-2,加減運算,兩位數加減,兩位數加一位數／整十數,2
G1,PREHIGH,G1,G01-N-2DIGSUB-01,N-1-2,加減運算,兩位數加減,兩位數減一位數／整十數,2
G1,PREHIGH,G1,G01-N-WORD-01,N-1-2 / R-1-1,加減應用,生活加減,選擇加法或減法,3
G1,PREHIGH,G1,G01-R-EQUAL-01,R-1-1,算式與符號,等號,等號與算式讀法,2
G1,PREHIGH,G1,G01-N-MONEY-01,N-1-4,錢幣,認識錢幣,1、5、10、50、100元,1
G1,PREHIGH,G1,G01-N-MONEY-02,N-1-4,錢幣,錢幣化聚,同值不同組合,2
G1,PREHIGH,G1,G01-N-MONEY-03,N-1-4 / N-1-2,錢幣,生活購物,簡單付錢與找零,3
G1,PREHIGH,G1,G01-N-LEN-01,N-1-5 / S-1-1,長度,長短比較,直接比較,1
G1,PREHIGH,G1,G01-N-LEN-02,N-1-5 / S-1-1,長度,長短比較,間接比較,2
G1,PREHIGH,G1,G01-N-LEN-03,N-1-5 / S-1-1,長度,非標準單位,個別單位測量,2
G1,PREHIGH,G1,G01-N-TIME-01,N-1-6,時間,日常時間,事件先後與時間長短,1
G1,PREHIGH,G1,G01-N-CLOCK-01,N-1-6,時間,鐘面,整點,1
G1,PREHIGH,G1,G01-N-CLOCK-02,N-1-6,時間,鐘面,半點,2
G1,PREHIGH,G1,G01-N-DATE-01,N-1-6,時間,日期,月日星期,2
G1,PREHIGH,G1,G01-S-SOLID-01,S-1-2,形體,立體形體,平面與曲面特徵,1
G1,PREHIGH,G1,G01-S-SHAPE-01,S-1-2,形體,平面圖形,常見平面形狀辨識,1
G1,PREHIGH,G1,G01-S-TRACE-01,S-1-2,形體,形體操作,描繪與複製,2
G1,PREHIGH,G1,G01-S-PUZZLE-01,S-1-2,形體,形體操作,拼貼與堆疊,2
G1,PREHIGH,G1,G01-S-MOVE-01,S-1-2,形體,形體操作,平移旋轉翻轉初步,2
G1,PREHIGH,G1,G01-D-CLASS-01,D-1-1,資料,分類,依單一特徵分類,1
G1,PREHIGH,G1,G01-D-CLASS-02,D-1-1,資料,分類,多種分類方式,2
G1,PREHIGH,G1,G01-D-RECORD-01,D-1-1,資料,分類與紀錄,簡單記錄與報讀,2
G2,PREHIGH,G2,G02-N-200-01,N-2-1,數概念,200/300以內的數,200以內讀寫與做數,2
G2,PREHIGH,G2,G02-N-1000-01,N-2-1,數概念,1000以內的數,1000以內讀寫與做數,2
G2,PREHIGH,G2,G02-N-PLACE-01,N-2-1,數概念,位值,百位十位個位,2
G2,PREHIGH,G2,G02-N-ORDER-01,N-2-1,數概念,數序與比較,前後數與大小,2
G2,PREHIGH,G2,G02-N-COIN-01,N-2-5,錢幣,大面額錢幣,100/500/1000元,2
G2,PREHIGH,G2,G02-N-COIN-APP-01,N-2-5,錢幣,購物應用,付款與找錢,3
G2,PREHIGH,G2,G02-N-ADD-VERT-01,N-2-2,加減運算,直式加法,不進位加法,2
G2,PREHIGH,G2,G02-N-ADD-CARRY1-01,N-2-2,加減運算,直式加法,一次進位,2
G2,PREHIGH,G2,G02-N-ADD-CARRY2-01,N-2-2,加減運算,直式加法,二次進位,3
G2,PREHIGH,G2,G02-N-SUB-VERT-01,N-2-2,加減運算,直式減法,不退位減法,2
G2,PREHIGH,G2,G02-N-SUB-BORROW-01,N-2-2,加減運算,直式減法,一次退位,3
G2,PREHIGH,G2,G02-N-ZERO-OPS-01,N-2-2,加減運算,特殊直式,數字含0的加減,3
G2,PREHIGH,G2,G02-R-INVERSE-01,R-2-4,加減關係,加減互逆,用加法驗減法,2
G2,PREHIGH,G2,G02-N-UNK-ADDEND-01,N-2-3 / R-2-4,加減應用,未知量,未知加數/被加數,3
G2,PREHIGH,G2,G02-N-UNK-SUB-01,N-2-3 / R-2-4,加減應用,未知量,未知減數/被減數,3
G2,PREHIGH,G2,G02-N-EST-01,N-2-4,估算,加減估算,簡單合理估算,2
G2,PREHIGH,G2,G02-N-TWOSTEP-ADD-01,N-2-8,兩步驟,連加,兩步驟加法,3
G2,PREHIGH,G2,G02-N-TWOSTEP-SUB-01,N-2-8,兩步驟,連減,兩步驟減法,3
G2,PREHIGH,G2,G02-N-TWOSTEP-MIX-01,N-2-8,兩步驟,加減混合,先加後減/先減後加,3
G2,PREHIGH,G2,G02-R-ADDORDER-01,R-2-2,運算規律,三數相加,改變相加順序,3
G2,PREHIGH,G2,G02-N-MUL-MEAN-01,N-2-6,乘法,乘法意義,幾個一樣多,2
G2,PREHIGH,G2,G02-N-MUL-2-01,N-2-6,乘法,乘法表,2和5的乘法,2
G2,PREHIGH,G2,G02-N-MUL-4-8-01,N-2-6,乘法,乘法表,4和8的乘法,2
G2,PREHIGH,G2,G02-N-MUL-3-6-01,N-2-6,乘法,乘法表,3和6的乘法,2
G2,PREHIGH,G2,G02-N-MUL-7-9-01,N-2-6,乘法,乘法表,7和9的乘法,3
G2,PREHIGH,G2,G02-N-MUL-0-1-10-01,N-2-6 / N-2-7,乘法,乘法表,0、1、10的乘法,2
G2,PREHIGH,G2,G02-N-MUL-TABLE-01,N-2-7,乘法,九九乘法,1到10乘法熟練,3
G2,PREHIGH,G2,G02-R-MULCOMM-01,R-2-3,乘法,乘法關係,交換乘數與被乘數,3
G2,PREHIGH,G2,G02-N-MULADD-01,N-2-8,兩步驟,乘加,先乘後加,3
G2,PREHIGH,G2,G02-N-MULSUB-01,N-2-8,兩步驟,乘減,先乘後減,3
G2,PREHIGH,G2,G02-N-SHARE-01,N-2-9,除法前置,平分,平均分,2
G2,PREHIGH,G2,G02-N-GROUP-01,N-2-9,除法前置,分裝,每份固定量,2
G2,PREHIGH,G2,G02-N-SHARE-REL-01,N-2-9 / N-2-6,除法前置,乘除關係前置,用乘法檢查分裝平分,3
G2,PREHIGH,G2,G02-N-FRAC-UNIT-01,N-2-10,分數,單位分數,二分之一與四分之一,2
G2,PREHIGH,G2,G02-N-FRAC-UNIT-02,N-2-10,分數,單位分數,幾分之一,2
G2,PREHIGH,G2,G02-N-FRAC-CMP-01,N-2-10,分數,單位分數,單位分數大小初步,3
G2,PREHIGH,G2,G02-N-CM-01,N-2-11 / S-2-3,長度,公分,認識1公分,2
G2,PREHIGH,G2,G02-N-METER-01,N-2-11,長度,公尺,認識1公尺,2
G2,PREHIGH,G2,G02-N-RULER-01,N-2-11 / S-2-3,長度,測量,用尺測量與畫線,2
G2,PREHIGH,G2,G02-N-LENOPS-01,N-2-11,長度,長度加減,同單位長度運算,3
G2,PREHIGH,G2,G02-S-PERIM-01,S-2-4,幾何,周界與周長,圖形邊長總和,3
G2,PREHIGH,G2,G02-N-CAP-01,N-2-12,量,容量,直接/間接比較容量,2
G2,PREHIGH,G2,G02-N-WEIGHT-01,N-2-12,量,重量,直接/間接比較重量,2
G2,PREHIGH,G2,G02-S-AREA-01,N-2-12 / S-2-5,量與幾何,面積,面的直接比較,2
G2,PREHIGH,G2,G02-S-AREA-02,N-2-12 / S-2-5,量與幾何,面積,間接與個別單位比較,3
G2,PREHIGH,G2,G02-N-CLOCK-01,N-2-13,時間,鐘面,幾時幾分,2
G2,PREHIGH,G2,G02-N-CLOCK-02,N-2-13,時間,鐘面,前後時刻比較,2
G2,PREHIGH,G2,G02-N-CALENDAR-01,N-2-14,時間,日曆,年、月、日、星期,2
G2,PREHIGH,G2,G02-N-CALENDAR-02,N-2-14,時間,日曆,月份天數與順序,2
G2,PREHIGH,G2,G02-S-FEATURE-01,S-2-1 / S-2-2,幾何,平面圖形,邊角頂點,2
G2,PREHIGH,G2,G02-S-TRIQUAD-01,S-2-2,幾何,平面圖形,三角形與四邊形,2
G2,PREHIGH,G2,G02-S-SPECIAL-01,S-2-2,幾何,特殊圖形,正方形長方形正三角形,3
G2,PREHIGH,G2,G02-S-INOUT-01,S-2-4,幾何,平面圖形,周界內部外部,2
G2,PREHIGH,G2,G02-S-SOLID-01,S-2-2,幾何,立體形體,常見立體分類,2
G2,PREHIGH,G2,G02-R-TRANSITIVE-01,R-2-1,關係,比較關係,大小遞移,3
G2,PREHIGH,G2,G02-D-TABLE-01,D-2-1,資料,分類與呈現,分類紀錄,2
G2,PREHIGH,G2,G02-D-READ-01,D-2-1,資料,分類與呈現,報讀分類結果,2
G3,PREHIGH,G3,G03-N-10000-01,N-3-1,數概念,10000以內的數,萬以內讀寫做,2
G3,PREHIGH,G3,G03-N-PLACE-01,N-3-1,數概念,位值,千百十個位值,2
G3,PREHIGH,G3,G03-N-ORDER-01,N-3-1,數概念,數序與比較,萬以內排序比較,2
G3,PREHIGH,G3,G03-N-MONEY-01,N-3-1,數概念,錢幣表徵,大數與錢幣換算,2
G3,PREHIGH,G3,G03-N-NUMAPP-01,N-3-1,數概念,大數應用,萬以內生活量,3
G3,PREHIGH,G3,G03-N-ADD4-01,N-3-2,加減運算,四位數加法,直式與進位,3
G3,PREHIGH,G3,G03-N-SUB4-01,N-3-2,加減運算,四位數減法,直式與退位,3
G3,PREHIGH,G3,G03-N-ADDSUB-APP-01,N-3-2,加減運算,四位數應用,加減文字題,3
G3,PREHIGH,G3,G03-N-ADDSUB-UNK-01,N-3-2,加減運算,未知量,四位數加減缺項,4
G3,PREHIGH,G3,G03-N-MUL2X1-01,N-3-3,乘法,多位數乘一位數,二位數乘一位數,2
G3,PREHIGH,G3,G03-N-MUL3X1-01,N-3-3,乘法,多位數乘一位數,三位數乘一位數,3
G3,PREHIGH,G3,G03-N-MUL-EST-01,N-3-3 / N-3-8,乘法,乘法估算,估算乘積,3
G3,PREHIGH,G3,G03-N-MUL-APP-01,N-3-6,乘法,乘法應用,倍數與總量,3
G3,PREHIGH,G3,G03-N-DIV-MEAN-01,N-3-4,除法,除法概念,分裝與平分,2
G3,PREHIGH,G3,G03-N-DIV-REM-01,N-3-4,除法,除法概念,有餘數除法,3
G3,PREHIGH,G3,G03-N-DIV2X1-01,N-3-5,除法,直式除法,二位數除一位數,3
G3,PREHIGH,G3,G03-N-DIV3X1-01,N-3-5,除法,直式除法,三位數除一位數,4
G3,PREHIGH,G3,G03-N-DIV-ZERO-01,N-3-5,除法,特殊除法,商中含0,4
G3,PREHIGH,G3,G03-R-MULDIV-INV-01,R-3-1,乘除關係,互逆與驗算,乘除互逆,3
G3,PREHIGH,G3,G03-N-DIV-APP-01,N-3-6,除法,除法應用,每份量與份數,3
G3,PREHIGH,G3,G03-N-2STEP-01,N-3-7,兩步驟,加減乘混合,先乘再加減,4
G3,PREHIGH,G3,G03-N-2STEP-02,N-3-7,兩步驟,加減除混合,先除再加減,4
G3,PREHIGH,G3,G03-N-2STEP-03,N-3-7,兩步驟,乘除混合,倍數與分組兩步驟,4
G3,PREHIGH,G3,G03-N-EST-4OPS-01,N-3-8,估算,四則估算,合理估算策略,3
G3,PREHIGH,G3,G03-N-FRAC-BASIC-01,N-3-9,分數,分數概念,幾分之幾,2
G3,PREHIGH,G3,G03-N-FRAC-ONE-01,N-3-9,分數,分數與1,分子等於分母,2
G3,PREHIGH,G3,G03-N-FRAC-CMP-01,N-3-9,分數,同分母分數,同分母大小比較,2
G3,PREHIGH,G3,G03-N-FRAC-ADD-01,N-3-9,分數,同分母加減,同分母分數加法,3
G3,PREHIGH,G3,G03-N-FRAC-SUB-01,N-3-9,分數,同分母加減,同分母分數減法,3
G3,PREHIGH,G3,G03-N-FRAC-NUMBERLINE-01,N-3-9 / N-3-11,分數,數線,分數在數線上的位置,3
G3,PREHIGH,G3,G03-N-DEC-01,N-3-10,小數,一位小數,0.1與十分位,2
G3,PREHIGH,G3,G03-N-DEC-PLACE-01,N-3-10,小數,一位小數,十分位位值,2
G3,PREHIGH,G3,G03-N-DEC-CMP-01,N-3-10,小數,一位小數,大小比較,2
G3,PREHIGH,G3,G03-N-DEC-ADD-01,N-3-10,小數,一位小數,小數加法,3
G3,PREHIGH,G3,G03-N-DEC-SUB-01,N-3-10,小數,一位小數,小數減法,3
G3,PREHIGH,G3,G03-N-DEC-NUMBERLINE-01,N-3-10 / N-3-11,小數,數線,一位小數數線,3
G3,PREHIGH,G3,G03-N-NUMBERLINE-01,N-3-11,數線,整數數線,定位與大小,2
G3,PREHIGH,G3,G03-N-MM-01,N-3-12,長度,毫米,認識1毫米,2
G3,PREHIGH,G3,G03-N-MM-CONV-01,N-3-12,長度,毫米,公分毫米換算,2
G3,PREHIGH,G3,G03-N-MM-OPS-01,N-3-12,長度,毫米,長度計算,3
G3,PREHIGH,G3,G03-S-ANGLE-01,N-3-13 / S-3-1,角,角的概念,頂點與兩邊,2
G3,PREHIGH,G3,G03-S-RIGHT-01,N-3-13 / S-3-1,角,角的分類,直角,2
G3,PREHIGH,G3,G03-S-ACUTEOBTUSE-01,N-3-13 / S-3-1,角,角的分類,銳角與鈍角,3
G3,PREHIGH,G3,G03-S-RECT-01,S-3-2,幾何,正方形與長方形,邊角性質,2
G3,PREHIGH,G3,G03-S-PERIM-01,S-3-2,幾何,周長,長方形正方形周長,3
G3,PREHIGH,G3,G03-N-CM2-01,N-3-14,面積,平方公分,1平方公分,2
G3,PREHIGH,G3,G03-N-CM2-COUNT-01,N-3-14,面積,平方公分,方格鋪排計數,3
G3,PREHIGH,G3,G03-N-CM2-MUL-01,N-3-14,面積,平方公分,用乘法加速計數,3
G3,PREHIGH,G3,G03-S-AREA-CUT-01,N-3-14 / S-3-4,面積,切割拼湊,等積重組,4
G3,PREHIGH,G3,G03-N-L-01,N-3-15,容量,公升毫升,認識公升與毫升,2
G3,PREHIGH,G3,G03-N-L-CONV-01,N-3-15,容量,公升毫升,L與mL換算,2
G3,PREHIGH,G3,G03-N-L-OPS-01,N-3-15,容量,公升毫升,容量加減,3
G3,PREHIGH,G3,G03-N-KG-01,N-3-16,重量,公斤公克,認識公斤與公克,2
G3,PREHIGH,G3,G03-N-KG-CONV-01,N-3-16,重量,公斤公克,kg與g換算,2
G3,PREHIGH,G3,G03-N-KG-OPS-01,N-3-16,重量,公斤公克,重量加減,3
G3,PREHIGH,G3,G03-N-TIME24-01,N-3-17,時間,24時制,12/24時制轉換,2
G3,PREHIGH,G3,G03-N-TIMEUNIT-01,N-3-17,時間,時間單位,日-時-分-秒關係,2
G3,PREHIGH,G3,G03-N-TIMECALC-01,N-3-17,時間,時間計算,之前/之後時刻,3
G3,PREHIGH,G3,G03-N-ELAPSED-01,N-3-17,時間,時間計算,經過時間,4
G3,PREHIGH,G3,G03-S-CIRCLE-01,S-3-3,圓,圓的構造,圓心半徑直徑,2
G3,PREHIGH,G3,G03-S-COMPASS-01,S-3-3,圓,圓規,用圓規畫圓,2
G3,PREHIGH,G3,G03-S-OPERATE-01,S-3-4,幾何操作,切割拼湊,平面圖形重組,3
G3,PREHIGH,G3,G03-R-PATTERN-01,R-3-2,規律,數列規律,固定加減規律,3
G3,PREHIGH,G3,G03-R-PATTERN-02,R-3-2,規律,圖形顏色規律,週期與排列,3
G3,PREHIGH,G3,G03-R-PATTERN-03,R-3-2,規律,表格規律,用表格找關係,4
G3,PREHIGH,G3,G03-D-1WAY-01,D-3-1,資料,表格,一維表格,2
G3,PREHIGH,G3,G03-D-2WAY-01,D-3-1,資料,表格,二維表格,3
G3,PREHIGH,G3,G03-D-TABLE-APP-01,D-3-1,資料,表格,表格推理,3
G4,PREHIGH,G4,G04-N-100M-01,N-4-1,大數與位值,一億以內的數,大數讀寫,2
G4,PREHIGH,G4,G04-N-PLACE-01,N-4-1,大數與位值,一億以內的數,大數位值化聚,2
G4,PREHIGH,G4,G04-N-CMP-01,N-4-1,大數與位值,一億以內的數,大數比較排序,2
G4,PREHIGH,G4,G04-N-ADDSUB-01,N-4-1,大數與位值,一億以內的數,大數加減,3
G4,PREHIGH,G4,G04-N-MUL1-01,N-4-2,整數乘除,乘法,四位數乘一位數,2
G4,PREHIGH,G4,G04-N-MUL2-01,N-4-2,整數乘除,乘法,一二位數乘二位數,3
G4,PREHIGH,G4,G04-N-MUL4X2-01,N-4-2,整數乘除,乘法,三四位數乘二位數,4
G4,PREHIGH,G4,G04-N-DIV4X1-01,N-4-2,整數乘除,除法,四位數除一位數,3
G4,PREHIGH,G4,G04-N-DIV2X2-01,N-4-2,整數乘除,除法,二位數除二位數,3
G4,PREHIGH,G4,G04-N-DIV4X2-01,N-4-2,整數乘除,除法,三四位數除二位數,4
G4,PREHIGH,G4,G04-N-MULDIV-APP-01,N-4-2 / N-4-3,整數乘除,應用,多位數乘除文字題,4
G4,PREHIGH,G4,G04-N-2STEP-MULADD-01,N-4-3 / R-4-1,兩步驟與併式,應用,乘加/乘減兩步驟,4
G4,PREHIGH,G4,G04-N-2STEP-DIV-01,N-4-3 / R-4-1,兩步驟與併式,應用,除加/除減/乘除兩步驟,4
G4,PREHIGH,G4,G04-R-ORDER-01,R-4-1 / R-4-2,四則運算,運算順序,由左而右與先乘除後加減,3
G4,PREHIGH,G4,G04-R-BRACKET-01,R-4-1 / R-4-2,四則運算,括號,括號與併式,4
G4,PREHIGH,G4,G04-R-LAWS-01,R-4-2,四則運算,運算規律,交換律與結合律初步,4
G4,PREHIGH,G4,G04-N-ROUND-01,N-4-4,概數,四捨五入,取到萬/千/百位概數,2
G4,PREHIGH,G4,G04-N-EST-01,N-4-4,概數,估算,用概數估算四則結果,3
G4,PREHIGH,G4,G04-N-FRAC-TYPES-01,N-4-5,分數,分數類型,真分數假分數帶分數,2
G4,PREHIGH,G4,G04-N-FRAC-CONV-01,N-4-5,分數,分數類型,假分數帶分數互換,3
G4,PREHIGH,G4,G04-N-FRAC-CMP-01,N-4-5,分數,同分母分數,分數大小比較,3
G4,PREHIGH,G4,G04-N-FRAC-ADD-01,N-4-5,分數,同分母分數,同分母加法,3
G4,PREHIGH,G4,G04-N-FRAC-SUB-01,N-4-5,分數,同分母分數,同分母減法,4
G4,PREHIGH,G4,G04-N-FRAC-EQV-01,N-4-6,分數,等值分數,由圖像建立等值分數,3
G4,PREHIGH,G4,G04-N-FRAC-DEC-01,N-4-6 / N-4-7,分數小數連結,分數與小數,十分之一百分之一與小數,3
G4,PREHIGH,G4,G04-N-DEC2-01,N-4-7,小數,二位小數,百分位與二位小數,2
G4,PREHIGH,G4,G04-N-DEC2-CMP-01,N-4-7,小數,二位小數,小數大小比較,2
G4,PREHIGH,G4,G04-N-DEC2-ADD-01,N-4-7,小數,二位小數,二位小數加法,3
G4,PREHIGH,G4,G04-N-DEC2-SUB-01,N-4-7,小數,二位小數,二位小數減法,3
G4,PREHIGH,G4,G04-N-DECMULINT-01,N-4-7,小數,小數乘法初步,一二位小數乘整數,4
G4,PREHIGH,G4,G04-N-NUMBERLINE-01,N-4-8,數線,分數小數數線,分數定位,3
G4,PREHIGH,G4,G04-N-NUMBERLINE-02,N-4-8,數線,分數小數數線,小數定位,3
G4,PREHIGH,G4,G04-N-KM-01,N-4-9,長度,公里,認識公里,2
G4,PREHIGH,G4,G04-N-KM-CONV-01,N-4-9,長度,公里,公里公尺換算,3
G4,PREHIGH,G4,G04-N-KM-APP-01,N-4-9,長度,公里,距離應用,3
G4,PREHIGH,G4,G04-S-DEGREE-01,N-4-10 / S-4-1,角度,度量角,認識1度與量角器,2
G4,PREHIGH,G4,G04-S-MEASURE-01,N-4-10 / S-4-1,角度,度量角,量角與畫角,3
G4,PREHIGH,G4,G04-S-ANGLECALC-01,N-4-10 / S-4-1,角度,角度計算,角的合成與分解,4
G4,PREHIGH,G4,G04-S-ROTATE-01,S-4-2,角度,旋轉角,順逆時針與周角,3
G4,PREHIGH,G4,G04-S-PERP-01,S-4-5,幾何關係,垂直平行,垂直線,3
G4,PREHIGH,G4,G04-S-PARALLEL-01,S-4-5,幾何關係,垂直平行,平行線,3
G4,PREHIGH,G4,G04-S-CONGRUENT-01,S-4-6,全等,平面圖形,全等圖形,3
G4,PREHIGH,G4,G04-S-CONGRUENT-MAP-01,S-4-6,全等,平面圖形,對應邊與對應角,3
G4,PREHIGH,G4,G04-S-TRI-CLASS-01,S-4-7,三角形,分類,依邊分類三角形,2
G4,PREHIGH,G4,G04-S-TRI-ANGLE-01,S-4-7,三角形,分類,依角分類三角形,3
G4,PREHIGH,G4,G04-S-QUAD-01,S-4-8,四邊形,分類,常見四邊形,3
G4,PREHIGH,G4,G04-S-QUAD-REL-01,S-4-8 / S-4-5,四邊形,分類關係,四邊形包含關係,4
G4,PREHIGH,G4,G04-N-M2-01,N-4-11 / S-4-3,面積,平方公尺,認識平方公尺,2
G4,PREHIGH,G4,G04-S-RECTAREA-01,N-4-11 / S-4-3 / R-4-3,面積,長方形正方形,長方形面積,3
G4,PREHIGH,G4,G04-S-SQUAREAREA-01,N-4-11 / S-4-3 / R-4-3,面積,長方形正方形,正方形面積,3
G4,PREHIGH,G4,G04-S-PERIM-01,S-4-3 / R-4-3,周長,長方形正方形,周長公式,3
G4,PREHIGH,G4,G04-S-AREA-REVERSE-01,S-4-3 / R-4-3,面積周長,反求,由面積或周長反求邊長,4
G4,PREHIGH,G4,G04-S-COMPOSITE-AREA-01,S-4-3,面積,複合圖形,切割與補形,4
G4,PREHIGH,G4,G04-N-CM3-01,N-4-12 / S-4-4,體積,立方公分,認識1立方公分,2
G4,PREHIGH,G4,G04-N-CM3-COUNT-01,N-4-12 / S-4-4,體積,立方公分,堆疊計數,3
G4,PREHIGH,G4,G04-N-CM3-HIDDEN-01,N-4-12 / S-4-4,體積,立方公分,看不見的立方體,4
G4,PREHIGH,G4,G04-N-TIMEADD-01,N-4-13,時間,時間計算,複名數時間加法,3
G4,PREHIGH,G4,G04-N-TIMESUB-01,N-4-13,時間,時間計算,複名數時間減法,4
G4,PREHIGH,G4,G04-N-TIMEAPP-01,N-4-13,時間,時間計算,時刻與經過時間,4
G4,PREHIGH,G4,G04-R-PATTERN-01,R-4-4,規律,數量模式,數列與圖形規律,3
G4,PREHIGH,G4,G04-R-PERIOD-01,R-4-4,規律,週期,週期位置判斷,4
G4,PREHIGH,G4,G04-R-TABLE-01,R-4-4,規律,兩量關係,表格找規律,4
G4,PREHIGH,G4,G04-D-BAR-01,D-4-1,資料,長條圖,報讀長條圖,2
G4,PREHIGH,G4,G04-D-BAR-DRAW-01,D-4-1,資料,長條圖,製作長條圖,3
G4,PREHIGH,G4,G04-D-LINE-READ-01,D-4-1,資料,折線圖,報讀折線圖,3
G4,PREHIGH,G4,G04-D-LINE-DRAW-01,D-4-1,資料,折線圖,製作折線圖,3
G4,PREHIGH,G4,G04-D-CHART-CHOICE-01,D-4-1,資料,統計圖選擇,選擇長條或折線圖,4
G5,PREHIGH,G5,G05-N-DEC-PLACE-01,N-5-1,數與位值,大數與多位小數,大數讀寫與位值,1
G5,PREHIGH,G5,G05-N-DEC-PLACE-02,N-5-1,數與位值,大數與多位小數,位值單位化聚,2
G5,PREHIGH,G5,G05-N-DEC-CMP-01,N-5-1,數與位值,大數與多位小數,多位小數比較,2
G5,PREHIGH,G5,G05-N-DEC-ROUND-01,N-5-11,數與位值,概數與估算,小數取概數,2
G5,PREHIGH,G5,G05-N-FACTOR-01,N-5-3,因數與倍數,因數與公因數,整除與因數,2
G5,PREHIGH,G5,G05-N-GCF-01,N-5-3,因數與倍數,因數與公因數,公因數與最大公因數,3
G5,PREHIGH,G5,G05-N-MULTIPLE-01,N-5-3,因數與倍數,倍數與公倍數,倍數與判別,2
G5,PREHIGH,G5,G05-N-LCM-01,N-5-3,因數與倍數,倍數與公倍數,公倍數與最小公倍數,3
G5,PREHIGH,G5,G05-N-FRAC-EQV-01,N-5-4,分數,等值分數,擴分與約分,2
G5,PREHIGH,G5,G05-N-FRAC-COMMON-01,N-5-4,分數,等值分數,通分與大小比較,3
G5,PREHIGH,G5,G05-N-FRAC-ADD-01,N-5-4,分數,異分母分數加減,異分母分數加法,3
G5,PREHIGH,G5,G05-N-FRAC-SUB-01,N-5-4,分數,異分母分數加減,異分母分數減法,3
G5,PREHIGH,G5,G05-N-FRAC-DIVREP-01,N-5-6,分數,分數與除法,整數相除分數表示,2
G5,PREHIGH,G5,G05-N-FRAC-MUL-01,N-5-5,分數,分數乘法,整數乘分數,3
G5,PREHIGH,G5,G05-N-FRAC-MUL-02,N-5-5,分數,分數乘法,分數乘分數,4
G5,PREHIGH,G5,G05-N-FRAC-DIVINT-01,N-5-7,分數,分數除法初步,分數除以整數,3
G5,PREHIGH,G5,G05-N-DEC-MUL-01,N-5-8,小數運算,小數乘法,小數乘整數,2
G5,PREHIGH,G5,G05-N-DEC-MUL-02,N-5-8,小數運算,小數乘法,小數乘小數,4
G5,PREHIGH,G5,G05-N-DEC-DIV-01,N-5-9,小數運算,整數與小數除法,整數除以整數商為小數,3
G5,PREHIGH,G5,G05-N-DEC-DIV-02,N-5-9,小數運算,整數與小數除法,小數除以整數,3
G5,PREHIGH,G5,G05-N-RATE-01,N-5-10,比率與百分率,比率,部分量與全體量,3
G5,PREHIGH,G5,G05-N-PERCENT-01,N-5-10,比率與百分率,百分率,分數小數百分率互換,3
G5,PREHIGH,G5,G05-N-TIME-01,N-5-16,時間量,時間乘除,時間乘法,3
G5,PREHIGH,G5,G05-N-TIME-02,N-5-16,時間量,時間乘除,時間除法,4
G5,PREHIGH,G5,G05-S-POLY-01,S-5-1,幾何性質,多邊形,三角形邊長關係,3
G5,PREHIGH,G5,G05-S-ANGLE-01,S-5-1,幾何性質,多邊形,三角形與四邊形內角,3
G5,PREHIGH,G5,G05-S-SECTOR-01,S-5-3,幾何性質,扇形,扇形與圓心角,2
G5,PREHIGH,G5,G05-S-SYM-01,S-5-4,幾何變換,線對稱,線對稱性質,3
G5,PREHIGH,G5,G05-S-AREA-PARA-01,S-5-2,面積,平面圖形面積,平行四邊形面積,3
G5,PREHIGH,G5,G05-S-AREA-TRI-01,S-5-2,面積,平面圖形面積,三角形面積,3
G5,PREHIGH,G5,G05-S-AREA-TRAP-01,S-5-2,面積,平面圖形面積,梯形面積,4
G5,PREHIGH,G5,G05-N-AREAUNIT-01,N-5-12,量與單位,生活大單位,大面積單位換算,3
G5,PREHIGH,G5,G05-N-MASSUNIT-01,N-5-13,量與單位,生活大單位,公噸與公斤,2
G5,PREHIGH,G5,G05-S-SOLID-01,S-5-7,立體幾何,柱體錐體與球,立體形體分類,2
G5,PREHIGH,G5,G05-S-FACE-01,S-5-6,立體幾何,柱體錐體與球,面與面的平行垂直,3
G5,PREHIGH,G5,G05-S-VOLUME-01,S-5-5,體積與表面積,長方體與正方體,體積公式,3
G5,PREHIGH,G5,G05-N-VOLUNIT-01,N-5-14,體積與表面積,長方體與正方體,立方公尺,4
G5,PREHIGH,G5,G05-S-SURFACE-01,S-5-5,體積與表面積,長方體與正方體,表面積,4
G5,PREHIGH,G5,G05-N-CAPACITY-01,N-5-15,體積與表面積,容積與容量,容積容量關係,4
G5,PREHIGH,G5,G05-N-DISPLACE-01,N-5-15,體積與表面積,容積與容量,排水法求不規則體積,4
G5,PREHIGH,G5,G05-R-MULTISTEP-01,N-5-2 / R-5-1,運算與關係,多步驟解題,三步驟併式,4
G5,PREHIGH,G5,G05-R-LAW-01,R-5-2,運算與關係,四則規律,分配律與簡化計算,4
G5,PREHIGH,G5,G05-R-SYMBOL-01,R-5-3,運算與關係,符號與公式,用符號表示量,3
G5,PREHIGH,G5,G05-D-LINE-01,D-5-1,資料,折線圖,讀取折線圖,2
G5,PREHIGH,G5,G05-D-LINE-02,D-5-1,資料,折線圖,製作折線圖,3
G6,PREHIGH,G6,G06-N-PRIME-01,N-6-1,因數與倍數進階,質數與合數,質數、合數與1,2
G6,PREHIGH,G6,G06-N-PRIME-02,N-6-1,因數與倍數進階,質因數分解,質因數,2
G6,PREHIGH,G6,G06-N-PRIME-03,N-6-1,因數與倍數進階,質因數分解,短除法質因數分解,3
G6,PREHIGH,G6,G06-N-COPRIME-01,N-6-2,因數與倍數進階,最大公因數與最小公倍數,互質,2
G6,PREHIGH,G6,G06-N-GCF-01,N-6-2,因數與倍數進階,最大公因數與最小公倍數,短除法求最大公因數,3
G6,PREHIGH,G6,G06-N-LCM-01,N-6-2,因數與倍數進階,最大公因數與最小公倍數,短除法求最小公倍數,3
G6,PREHIGH,G6,G06-N-GCFLCM-APP-01,N-6-2,因數與倍數進階,最大公因數與最小公倍數,分組與週期應用,4
G6,PREHIGH,G6,G06-N-FRAC-DIV-01,N-6-3,分數除法,分數除法概念,整數除以分數,3
G6,PREHIGH,G6,G06-N-FRAC-DIV-02,N-6-3,分數除法,分數除法概念,分數除以分數,4
G6,PREHIGH,G6,G06-N-FRAC-DIV-03,N-6-3,分數除法,分數除法應用,分數除法文字題,4
G6,PREHIGH,G6,G06-N-DEC-DIV-01,N-6-4,小數除法,除數為小數,整數除以小數,3
G6,PREHIGH,G6,G06-N-DEC-DIV-02,N-6-4,小數除法,除數為小數,小數除以小數,3
G6,PREHIGH,G6,G06-N-DEC-DIV-03,N-6-4,小數除法,商與概數,小數除法取概數,3
G6,PREHIGH,G6,G06-R-MIXED-01,N-6-5 / R-6-1,四則與規律,數系混合計算,小數四則混合,3
G6,PREHIGH,G6,G06-R-MIXED-02,N-6-5 / R-6-1,四則與規律,數系混合計算,分數四則混合,4
G6,PREHIGH,G6,G06-R-MIXED-03,N-6-5 / R-6-1,四則與規律,數系混合計算,分數小數混合,4
G6,PREHIGH,G6,G06-N-RATIO-01,N-6-6,比與比例,比與比值,比的意義與記法,2
G6,PREHIGH,G6,G06-N-RATIO-02,N-6-6,比與比例,比與比值,比值,3
G6,PREHIGH,G6,G06-N-RATIO-03,N-6-6,比與比例,相等的比,等比與最簡整數比,3
G6,PREHIGH,G6,G06-N-RATIO-APP-01,N-6-6,比與比例,比的應用,按比分配,4
G6,PREHIGH,G6,G06-N-SPEED-01,N-6-7,速率,速率概念,速率的意義,2
G6,PREHIGH,G6,G06-N-SPEED-02,N-6-7,速率,距離速率時間,三量關係,3
G6,PREHIGH,G6,G06-N-SPEED-03,N-6-7,速率,速率單位,秒速分速時速換算,4
G6,PREHIGH,G6,G06-N-SPEED-APP-01,N-6-7,速率,速率應用,平均速率,4
G6,PREHIGH,G6,G06-N-SPEED-APP-02,N-6-7 / R-6-4,速率,速率應用,相遇、相離與追趕,5
G6,PREHIGH,G6,G06-N-BASE-01,N-6-8,兩量關係,基準量與比較量,辨認基準量,3
G6,PREHIGH,G6,G06-N-BASE-02,N-6-8,兩量關係,基準量與比較量,比較量與倍數,3
G6,PREHIGH,G6,G06-N-BASE-03,N-6-8,兩量關係,基準量與比較量,兩量和差,4
G6,PREHIGH,G6,G06-R-PATTERN-01,R-6-2,數量關係,規律與模式,數形規律,3
G6,PREHIGH,G6,G06-R-INVARIANT-01,R-6-1 / R-6-2,數量關係,運算不變性,和差積商不變,4
G6,PREHIGH,G6,G06-R-INTERVAL-01,N-6-9 / R-6-4,數量關係,典型解題,間隔問題,4
G6,PREHIGH,G6,G06-R-COUNT-01,N-6-9 / R-6-4,數量關係,典型解題,搭配與組合,4
G6,PREHIGH,G6,G06-R-AGES-01,N-6-9 / R-6-4,數量關係,典型解題,年齡問題,5
G6,PREHIGH,G6,G06-R-SUMDIFF-01,N-6-9 / R-6-4,數量關係,典型解題,和差問題,4
G6,PREHIGH,G6,G06-R-CHICKEN-01,N-6-9 / R-6-4,數量關係,典型解題,雙條件總量推理,5
G6,PREHIGH,G6,G06-R-EXPR-01,R-6-3,數量關係,關係式表示,文字轉關係式,3
G6,PREHIGH,G6,G06-S-SCALE-01,S-6-1,比例幾何,放大與縮小,放大縮小性質,3
G6,PREHIGH,G6,G06-S-SCALE-02,S-6-1,比例幾何,放大與縮小,繪製放大縮小圖,3
G6,PREHIGH,G6,G06-S-MAPSCALE-01,S-6-2,比例幾何,比例尺,比例尺表示,3
G6,PREHIGH,G6,G06-S-MAPSCALE-02,S-6-2,比例幾何,比例尺,比例尺應用,4
G6,PREHIGH,G6,G06-S-PI-01,S-6-3,圓與扇形,圓周長,圓周率,2
G6,PREHIGH,G6,G06-S-CIRC-01,S-6-3,圓與扇形,圓周長,圓周長,3
G6,PREHIGH,G6,G06-S-ARC-01,S-6-3,圓與扇形,扇形周長,扇形弧長與周長,4
G6,PREHIGH,G6,G06-S-CIRCLEAREA-01,S-6-3,圓與扇形,圓面積,圓面積,3
G6,PREHIGH,G6,G06-S-SECTORAREA-01,S-6-3,圓與扇形,扇形面積,扇形面積,4
G6,PREHIGH,G6,G06-S-COMPOSITE-AREA-01,S-6-3,圓與扇形,複合圖形,圓與扇形複合面積,5
G6,PREHIGH,G6,G06-S-PRISM-VOL-01,S-6-4,柱體,柱體體積,角柱與圓柱體積,3
G6,PREHIGH,G6,G06-S-PRISM-VOL-02,S-6-4,柱體,柱體體積,複合柱體體積,5
G6,PREHIGH,G6,G06-S-PRISM-SURF-01,S-6-4,柱體,柱體表面積,角柱與圓柱表面積,4
G6,PREHIGH,G6,G06-D-PIE-01,D-6-1,資料,圓形圖,報讀圓形圖,2
G6,PREHIGH,G6,G06-D-PIE-02,D-6-1,資料,圓形圖,製作圓形圖,3
G6,PREHIGH,G6,G06-D-PIE-03,D-6-1,資料,統計圖應用,選圖與比較,4
G6,PREHIGH,G6,G06-D-PROB-01,D-6-2,資料,可能性,可能性判讀,3
G7,PREHIGH,G7,G07-N-PRIME-01,N-7-1,整數與質因數,質數,質數與合數,2
G7,PREHIGH,G7,G07-N-SIEVE-01,N-7-1,整數與質因數,質數,質數篩法,2
G7,PREHIGH,G7,G07-N-FACT-STD-01,N-7-2,整數與質因數,標準分解式,質因數標準分解式,3
G7,PREHIGH,G7,G07-N-FACTORCOUNT-01,N-7-2,整數與質因數,標準分解式,由標準分解式判斷因數,4
G7,PREHIGH,G7,G07-N-GCDLCM-01,N-7-2,整數與質因數,因數倍數應用,以標準分解式求公因公倍,4
G7,PREHIGH,G7,G07-N-SIGNED-01,N-7-3 / N-7-5,正負數,正負數與數線,正數負數與相反量,2
G7,PREHIGH,G7,G07-N-NUMBERLINE-01,N-7-5,正負數,數線,負數數線與大小,2
G7,PREHIGH,G7,G07-N-OPPOSITE-01,N-7-3 / N-7-5,正負數,相反數,相反數,2
G7,PREHIGH,G7,G07-N-ABS-01,N-7-5,正負數,絕對值,絕對值的距離意義,3
G7,PREHIGH,G7,G07-N-DIST-01,N-7-5,正負數,數線距離,兩點距離 |a-b|,4
G7,PREHIGH,G7,G07-N-ADDINT-01,N-7-3,正負數運算,整數加減,正負數加法,2
G7,PREHIGH,G7,G07-N-SUBINT-01,N-7-3,正負數運算,整數加減,正負數減法,3
G7,PREHIGH,G7,G07-N-MULINT-01,N-7-3,正負數運算,整數乘除,正負數乘法,2
G7,PREHIGH,G7,G07-N-DIVINT-01,N-7-3,正負數運算,整數乘除,正負數除法,2
G7,PREHIGH,G7,G07-N-MIXED-01,N-7-3 / N-7-4,正負數運算,四則混合,含負數四則混合,4
G7,PREHIGH,G7,G07-N-LAWS-01,N-7-4,正負數運算,運算規律,交換結合分配律,4
G7,PREHIGH,G7,G07-N-NEG-BRACKET-01,N-7-4,正負數運算,負號規則,括號前負號,4
G7,PREHIGH,G7,G07-N-POWER-01,N-7-6,指數,指數意義,底數指數與乘方,2
G7,PREHIGH,G7,G07-N-ZEROPOWER-01,N-7-6,指數,指數意義,零次方,3
G7,PREHIGH,G7,G07-N-POWER-CMP-01,N-7-6,指數,指數意義,同底數冪大小比較,3
G7,PREHIGH,G7,G07-N-INDEX-MUL-01,N-7-7,指數,指數律,同底數乘法,3
G7,PREHIGH,G7,G07-N-INDEX-DIV-01,N-7-7,指數,指數律,同底數除法,3
G7,PREHIGH,G7,G07-N-INDEX-POW-01,N-7-7,指數,指數律,乘方的乘方,4
G7,PREHIGH,G7,G07-N-INDEX-PROD-01,N-7-7,指數,指數律,乘積的乘方,4
G7,PREHIGH,G7,G07-N-SCI-01,N-7-8,科學記號,表示與轉換,大數科學記號,2
G7,PREHIGH,G7,G07-N-SCI-SMALL-01,N-7-8,科學記號,表示與轉換,小數科學記號,3
G7,PREHIGH,G7,G07-N-SCI-CMP-01,N-7-8,科學記號,表示與轉換,科學記號大小比較,3
G7,PREHIGH,G7,G07-A-SYMBOL-01,A-7-1,代數式,符號表示,以字母代表數,2
G7,PREHIGH,G7,G07-A-EXPR-READ-01,A-7-1,代數式,代數式,代數式簡記與讀法,2
G7,PREHIGH,G7,G07-A-LIKE-01,A-7-1,代數式,化簡,同類項辨認,3
G7,PREHIGH,G7,G07-A-COMBINE-01,A-7-1,代數式,化簡,合併同類項,3
G7,PREHIGH,G7,G07-A-SUBSTITUTE-01,A-7-1,代數式,代入,代數式求值,3
G7,PREHIGH,G7,G07-A-EXPR-APP-01,A-7-1,代數式,情境列式,文字轉代數式,4
G7,PREHIGH,G7,G07-A-LINEQ-MEAN-01,A-7-2,一元一次方程式,方程式意義,方程式與解,2
G7,PREHIGH,G7,G07-A-LINEQ-FORM-01,A-7-2,一元一次方程式,列方程式,文字轉方程式,4
G7,PREHIGH,G7,G07-A-EQUALITY-01,A-7-3,一元一次方程式,解法,等量公理,3
G7,PREHIGH,G7,G07-A-TRANSPOSE-01,A-7-3,一元一次方程式,解法,移項法則,3
G7,PREHIGH,G7,G07-A-SOLVE-01,A-7-3,一元一次方程式,解法,含括號與分數的一次方程式,4
G7,PREHIGH,G7,G07-A-CHECK-01,A-7-3,一元一次方程式,驗算,代回驗算,2
G7,PREHIGH,G7,G07-A-EQAPP-01,A-7-3,一元一次方程式,應用,一元一次方程式文字題,5
G7,PREHIGH,G7,G07-A-TWOEQ-MEAN-01,A-7-4,二元一次聯立,方程式意義,二元一次方程式與解,3
G7,PREHIGH,G7,G07-A-SYSTEM-MEAN-01,A-7-4,二元一次聯立,聯立意義,聯立方程式與共同解,3
G7,PREHIGH,G7,G07-A-SYSTEM-FORM-01,A-7-4,二元一次聯立,列式,文字轉聯立方程式,4
G7,PREHIGH,G7,G07-A-SUBMETHOD-01,A-7-5,二元一次聯立,解法,代入消去法,4
G7,PREHIGH,G7,G07-A-ELIMMETHOD-01,A-7-5,二元一次聯立,解法,加減消去法,4
G7,PREHIGH,G7,G07-A-SYSTEM-CHECK-01,A-7-5,二元一次聯立,驗算,聯立解驗算,3
G7,PREHIGH,G7,G07-A-SYSTEM-APP-01,A-7-5,二元一次聯立,應用,二元一次聯立文字題,5
G7,PREHIGH,G7,G07-G-COORD-01,G-7-1,坐標,直角坐標系,坐標軸與象限,2
G7,PREHIGH,G7,G07-G-PLOT-01,G-7-1,坐標,直角坐標系,報讀與標示坐標點,2
G7,PREHIGH,G7,G07-G-DIST-01,G-7-1,坐標,直角坐標系,水平垂直距離,3
G7,PREHIGH,G7,G07-A-LINEGRAPH-01,A-7-6 / G-7-1,坐標與方程式,二元一次方程式圖形,由方程式找點畫直線,4
G7,PREHIGH,G7,G07-A-HVLINE-01,A-7-6 / G-7-1,坐標與方程式,特殊直線,x=c與y=c,3
G7,PREHIGH,G7,G07-A-SYS-GEO-01,A-7-6,坐標與方程式,聯立幾何意義,兩直線交點與唯一解,4
G7,PREHIGH,G7,G07-N-RATIO-01,N-7-9,比例,比與比例式,比與比值,2
G7,PREHIGH,G7,G07-N-PROP-01,N-7-9,比例,比與比例式,比例式,3
G7,PREHIGH,G7,G07-N-DIRECT-01,N-7-9,比例,正比,正比關係,4
G7,PREHIGH,G7,G07-N-INVERSE-01,N-7-9,比例,反比,反比關係,4
G7,PREHIGH,G7,G07-N-PROP-APP-01,N-7-9,比例,比例應用,比例式生活題,4
G7,PREHIGH,G7,G07-A-INEQ-MEAN-01,A-7-7,一元一次不等式,不等式意義,不等號與數量範圍,2
G7,PREHIGH,G7,G07-A-INEQ-FORM-01,A-7-7,一元一次不等式,列不等式,文字轉不等式,4
G7,PREHIGH,G7,G07-A-INEQ-SOLVE-01,A-7-8,一元一次不等式,解法,單一一元一次不等式,4
G7,PREHIGH,G7,G07-A-INEQ-LINE-01,A-7-8,一元一次不等式,數線,解集數線表示,3
G7,PREHIGH,G7,G07-A-INEQ-APP-01,A-7-8,一元一次不等式,應用,範圍與最少最多問題,5
G7,PREHIGH,G7,G07-D-CHART-01,D-7-1,統計,統計圖表,統計圖表判讀,3
G7,PREHIGH,G7,G07-D-HIST-01,D-7-1,統計,統計圖表,直方圖,3
G7,PREHIGH,G7,G07-D-CONTINGENCY-01,D-7-1,統計,統計圖表,列聯表,4
G7,PREHIGH,G7,G07-D-MEAN-01,D-7-2,統計,統計量,平均數,3
G7,PREHIGH,G7,G07-D-MEDIAN-01,D-7-2,統計,統計量,中位數,3
G7,PREHIGH,G7,G07-D-MODE-01,D-7-2,統計,統計量,眾數,2
G7,PREHIGH,G7,G07-D-COMPARE-01,D-7-2,統計,統計量,比較平均中位眾數,4
G7,PREHIGH,G7,G07-S-NOTATION-01,S-7-1,幾何基礎,幾何符號,點線線段射線角符號,2
G7,PREHIGH,G7,G07-S-THREEVIEW-01,S-7-2,立體幾何,三視圖,由立體判讀三視圖,3
G7,PREHIGH,G7,G07-S-THREEVIEW-02,S-7-2,立體幾何,三視圖,由三視圖推立體,5
G7,PREHIGH,G7,G07-S-PERP-01,S-7-3,幾何關係,垂直,垂直符號與中垂線,3
G7,PREHIGH,G7,G07-S-POINTLINE-01,S-7-3,幾何關係,垂直,點到直線距離,3
G7,PREHIGH,G7,G07-S-SYM-PROP-01,S-7-4,線對稱,性質,線對稱性質,4
G7,PREHIGH,G7,G07-S-SYM-FIG-01,S-7-5,線對稱,基本圖形,線對稱圖形判別,3
G8,PREHIGH,G8,G08-A-MULFORM-01,A-8-1,多項式與公式,乘法公式,和平方公式,3
G8,PREHIGH,G8,G08-A-MULFORM-02,A-8-1,多項式與公式,乘法公式,差平方公式,3
G8,PREHIGH,G8,G08-A-MULFORM-03,A-8-1,多項式與公式,乘法公式,平方差公式,3
G8,PREHIGH,G8,G08-A-MULFORM-04,A-8-1,多項式與公式,乘法公式,雙二項式展開,3
G8,PREHIGH,G8,G08-A-MULFORM-APP-01,A-8-1,多項式與公式,乘法公式,公式逆辨識與數值簡算,4
G8,PREHIGH,G8,G08-A-POLY-TERM-01,A-8-2,多項式與公式,多項式,項係數常數項,2
G8,PREHIGH,G8,G08-A-POLY-DEG-01,A-8-2,多項式與公式,多項式,次數與最高次項,2
G8,PREHIGH,G8,G08-A-POLY-ORDER-01,A-8-2,多項式與公式,多項式,升冪與降冪排列,2
G8,PREHIGH,G8,G08-A-POLY-ADD-01,A-8-3,多項式與公式,多項式運算,多項式加法,3
G8,PREHIGH,G8,G08-A-POLY-SUB-01,A-8-3,多項式與公式,多項式運算,多項式減法,3
G8,PREHIGH,G8,G08-A-POLY-MUL-MONO-01,A-8-3,多項式與公式,多項式運算,單項式乘多項式,3
G8,PREHIGH,G8,G08-A-POLY-MUL-01,A-8-3,多項式與公式,多項式運算,多項式乘多項式,4
G8,PREHIGH,G8,G08-A-POLY-DIV-01,A-8-3,多項式與公式,多項式運算,多項式除法,4
G8,PREHIGH,G8,G08-A-POLY-ID-01,A-8-1 / A-8-3,多項式與公式,恆等式,乘法公式驗證,4
G8,PREHIGH,G8,G08-N-SQRT-MEAN-01,N-8-1,平方根與根式,平方根,平方根與根號,3
G8,PREHIGH,G8,G08-N-SQRT-PERFECT-01,N-8-1,平方根與根式,平方根,完全平方數平方根,2
G8,PREHIGH,G8,G08-N-RAD-SIMPLIFY-01,N-8-1,平方根與根式,根式,根式化簡,3
G8,PREHIGH,G8,G08-N-RAD-MUL-01,N-8-1,平方根與根式,根式運算,根式乘法,3
G8,PREHIGH,G8,G08-N-RAD-DIV-01,N-8-1,平方根與根式,根式運算,根式除法,4
G8,PREHIGH,G8,G08-N-RAD-ADD-01,N-8-1,平方根與根式,根式運算,同類根式加減,4
G8,PREHIGH,G8,G08-N-RAD-MIX-01,N-8-1 / A-8-1,平方根與根式,根式運算,根式混合與乘法公式,5
G8,PREHIGH,G8,G08-N-SQRT-INTPART-01,N-8-2,平方根與根式,近似值,平方根整數部分,3
G8,PREHIGH,G8,G08-N-SQRT-APPROX-01,N-8-2,平方根與根式,近似值,十分逼近,3
G8,PREHIGH,G8,G08-S-PYTH-01,S-8-6,畢氏定理與距離,直角三角形,畢氏定理,3
G8,PREHIGH,G8,G08-S-PYTH-INV-01,S-8-6,畢氏定理與距離,直角三角形,畢氏逆定理,4
G8,PREHIGH,G8,G08-S-PYTH-LEN-01,S-8-6,畢氏定理與距離,直角三角形,未知邊長,4
G8,PREHIGH,G8,G08-S-PYTH-APP-01,S-8-6,畢氏定理與距離,應用,生活與複合圖形,4
G8,PREHIGH,G8,G08-G-DIST-01,G-8-1 / S-8-6,畢氏定理與距離,坐標距離,兩點距離公式,4
G8,PREHIGH,G8,G08-G-DIST-APP-01,G-8-1,畢氏定理與距離,坐標距離,坐標幾何應用,5
G8,PREHIGH,G8,G08-A-FACTOR-MEAN-01,A-8-4,因式分解,基本概念,因式與倍式,2
G8,PREHIGH,G8,G08-A-FACTOR-GCF-01,A-8-5,因式分解,提公因式,單項式公因式,3
G8,PREHIGH,G8,G08-A-FACTOR-GROUP-01,A-8-5,因式分解,提公因式,共同多項式因式,4
G8,PREHIGH,G8,G08-A-FACTOR-SQ1-01,A-8-5,因式分解,乘法公式,完全平方公式因式分解,3
G8,PREHIGH,G8,G08-A-FACTOR-DIFFSQ-01,A-8-5,因式分解,乘法公式,平方差因式分解,3
G8,PREHIGH,G8,G08-A-FACTOR-CROSS1-01,A-8-5,因式分解,十字交乘,首項係數1,4
G8,PREHIGH,G8,G08-A-FACTOR-CROSS2-01,A-8-5,因式分解,十字交乘,首項係數非1,5
G8,PREHIGH,G8,G08-A-FACTOR-CHOICE-01,A-8-4 / A-8-5,因式分解,策略選擇,選擇因式分解方法,5
G8,PREHIGH,G8,G08-A-FACTOR-CHECK-01,A-8-4,因式分解,驗證,乘回驗證,3
G8,PREHIGH,G8,G08-A-QUAD-MEAN-01,A-8-6,一元二次方程式,方程式意義,一元二次方程式與解,3
G8,PREHIGH,G8,G08-A-QUAD-FORM-01,A-8-6,一元二次方程式,列式,由情境列二次方程式,4
G8,PREHIGH,G8,G08-A-QUAD-FACT-01,A-8-7,一元二次方程式,解法,因式分解法,4
G8,PREHIGH,G8,G08-A-QUAD-SQRT-01,A-8-7,一元二次方程式,解法,平方根法,4
G8,PREHIGH,G8,G08-A-QUAD-COMPLETE-01,A-8-7,一元二次方程式,解法,配方法,5
G8,PREHIGH,G8,G08-A-QUAD-FORMULA-01,A-8-7,一元二次方程式,解法,公式解,5
G8,PREHIGH,G8,G08-A-QUAD-ROOTTYPE-01,A-8-7,一元二次方程式,根的判讀,根的存在與重根初步,5
G8,PREHIGH,G8,G08-A-QUAD-CHECK-01,A-8-7,一元二次方程式,驗算,代回驗根,3
G8,PREHIGH,G8,G08-A-QUAD-APP-01,A-8-7,一元二次方程式,應用,面積與數量應用,5
G8,PREHIGH,G8,G08-A-QUAD-APPROX-01,A-8-7 / N-8-2,一元二次方程式,近似解,計算機近似根,4
G8,PREHIGH,G8,G08-D-RELATIVE-01,D-8-1,統計,次數分配,相對次數,3
G8,PREHIGH,G8,G08-D-CUMFREQ-01,D-8-1,統計,次數分配,累積次數,3
G8,PREHIGH,G8,G08-D-CUMREL-01,D-8-1,統計,次數分配,累積相對次數,4
G8,PREHIGH,G8,G08-D-OGIVE-01,D-8-1,統計,統計圖,累積相對次數折線圖,4
G8,PREHIGH,G8,G08-D-DIST-APP-01,D-8-1,統計,資料解讀,分布比較,5
G8,PREHIGH,G8,G08-N-SEQ-MEAN-01,N-8-3,數列與級數,數列,數列與項,2
G8,PREHIGH,G8,G08-N-SEQ-PATTERN-01,N-8-3,數列與級數,數列,一般規律數列,3
G8,PREHIGH,G8,G08-N-ARITH-MEAN-01,N-8-4,數列與級數,等差數列,首項公差,2
G8,PREHIGH,G8,G08-N-ARITH-TERM-01,N-8-4,數列與級數,等差數列,等差數列一般項,3
G8,PREHIGH,G8,G08-N-ARITH-REVERSE-01,N-8-4,數列與級數,等差數列,由相鄰/含首項資料反求,4
G8,PREHIGH,G8,G08-N-ARITH-MID-01,N-8-4,數列與級數,等差數列,等差中項,3
G8,PREHIGH,G8,G08-N-ARITH-SUM-01,N-8-5,數列與級數,等差級數,前n項和,4
G8,PREHIGH,G8,G08-N-ARITH-SUMAPP-01,N-8-5,數列與級數,等差級數,生活與圖形應用,5
G8,PREHIGH,G8,G08-N-GEO-MEAN-01,N-8-6,數列與級數,等比數列,首項公比,3
G8,PREHIGH,G8,G08-N-GEO-TERM-01,N-8-6,數列與級數,等比數列,等比數列一般項,4
G8,PREHIGH,G8,G08-N-GEO-MID-01,N-8-6,數列與級數,等比數列,等比中項,4
G8,PREHIGH,G8,G08-F-FUNC-MEAN-01,F-8-1,一次函數,函數概念,對應關係,3
G8,PREHIGH,G8,G08-F-CONST-01,F-8-1,一次函數,函數概念,常數函數,2
G8,PREHIGH,G8,G08-F-LINEAR-01,F-8-1,一次函數,函數概念,一次函數y=ax+b,3
G8,PREHIGH,G8,G08-F-TABLE-01,F-8-1,一次函數,多表徵,函數表格,3
G8,PREHIGH,G8,G08-F-GRAPH-01,F-8-2,一次函數,圖形,一次函數圖形,3
G8,PREHIGH,G8,G08-F-CONSTGRAPH-01,F-8-2,一次函數,圖形,常數函數圖形,2
G8,PREHIGH,G8,G08-F-GRAPH-READ-01,F-8-2,一次函數,圖形,由圖讀變化,4
G8,PREHIGH,G8,G08-F-MODEL-01,F-8-1 / F-8-2,一次函數,應用,線性情境建模,5
G8,PREHIGH,G8,G08-S-ANGLE-REL-01,S-8-1,三角形與角,角關係,互餘互補與對頂角,3
G8,PREHIGH,G8,G08-S-TRANSVERSAL-01,S-8-1 / S-8-3,三角形與角,截角,同位內錯同側內角,4
G8,PREHIGH,G8,G08-S-POLY-INNER-01,S-8-2,多邊形,內角和,凸多邊形內角和,3
G8,PREHIGH,G8,G08-S-REGPOLY-01,S-8-2,多邊形,正多邊形,每一內角,4
G8,PREHIGH,G8,G08-S-PARALLEL-01,S-8-3,平行,截角性質,由平行推角關係,4
G8,PREHIGH,G8,G08-S-PARALLEL-REV-01,S-8-3,平行,判定,由角關係判平行,4
G8,PREHIGH,G8,G08-S-CONGRUENT-01,S-8-4,全等,全等圖形,全等與對應,3
G8,PREHIGH,G8,G08-S-TRI-SSS-01,S-8-5,全等,三角形判定,SSS,3
G8,PREHIGH,G8,G08-S-TRI-SAS-01,S-8-5,全等,三角形判定,SAS,3
G8,PREHIGH,G8,G08-S-TRI-ASA-01,S-8-5,全等,三角形判定,ASA/AAS,4
G8,PREHIGH,G8,G08-S-TRI-RHS-01,S-8-5,全等,三角形判定,RHS,4
G8,PREHIGH,G8,G08-S-CONG-PROOF-01,S-8-5 / S-8-12,全等,幾何推理,由全等推出邊角相等,5
G8,PREHIGH,G8,G08-S-EQUIL-H-01,S-8-7,面積,正三角形,正三角形高,4
G8,PREHIGH,G8,G08-S-EQUIL-A-01,S-8-7,面積,正三角形,正三角形面積,4
G8,PREHIGH,G8,G08-S-COMPOSITE-AREA-01,S-8-7,面積,複合圖形,含正三角形/根式的複合面積,5
G8,PREHIGH,G8,G08-S-ISO-01,S-8-8,三角形性質,等腰三角形,等邊對等角,3
G8,PREHIGH,G8,G08-S-BIGANGLE-01,S-8-8,三角形性質,邊角關係,大角對大邊,4
G8,PREHIGH,G8,G08-S-TRI-INEQ-01,S-8-8,三角形性質,三角不等式,兩邊和大於第三邊,4
G8,PREHIGH,G8,G08-S-EXTERIOR-01,S-8-8,三角形性質,外角,外角等於兩內對角和,4
G8,PREHIGH,G8,G08-S-PARA-PROP-01,S-8-9,四邊形,平行四邊形,邊角與對角線性質,4
G8,PREHIGH,G8,G08-S-PARA-TEST-01,S-8-9,四邊形,平行四邊形,判定條件,5
G8,PREHIGH,G8,G08-S-RECT-PROP-01,S-8-10,四邊形,長方形,對角線等長互相平分,4
G8,PREHIGH,G8,G08-S-RHOM-PROP-01,S-8-10,四邊形,菱形,對角線垂直平分,4
G8,PREHIGH,G8,G08-S-KITE-PROP-01,S-8-10,四邊形,箏形,一條對角線垂直平分另一條,4
G8,PREHIGH,G8,G08-S-TRAP-ISO-01,S-8-11,四邊形,等腰梯形,底角相等與線對稱,4
G8,PREHIGH,G8,G08-S-TRAP-MID-01,S-8-11,四邊形,梯形,中點連線,5
G8,PREHIGH,G8,G08-S-COMPASS-COPY-01,S-8-12,尺規作圖,基本作圖,複製線段角三角形,3
G8,PREHIGH,G8,G08-S-COMPASS-BISECT-01,S-8-12,尺規作圖,基本作圖,中垂線與角平分線,4
G8,PREHIGH,G8,G08-S-COMPASS-PERP-01,S-8-12,尺規作圖,基本作圖,作垂直線與平行線,4
G8,PREHIGH,G8,G08-S-PROOF-BASIC-01,S-8-12,尺規作圖,幾何推理,寫出性質依據,5
G9,PREHIGH,G9,G09-N-CONT-RATIO-01,N-9-1,連比與比例,連比,連比記法,2
G9,PREHIGH,G9,G09-N-CONT-RATIO-02,N-9-1,連比與比例,連比,由兩組比合成連比,3
G9,PREHIGH,G9,G09-N-CONT-RATIO-03,N-9-1,連比與比例,連比例式,連比例式性質,4
G9,PREHIGH,G9,G09-N-CONT-RATIO-04,N-9-1,連比與比例,應用,按連比分配,4
G9,PREHIGH,G9,G09-N-CONT-RATIO-05,N-9-1,連比與比例,應用,連比改變問題,5
G9,PREHIGH,G9,G09-S-SIM-SCALE-01,S-9-1,相似形,縮放,縮放中心與倍率,2
G9,PREHIGH,G9,G09-S-SIM-POLY-01,S-9-1,相似形,相似多邊形,對應角與對應邊,3
G9,PREHIGH,G9,G09-S-SIM-RATIO-01,S-9-1,相似形,相似多邊形,相似比,3
G9,PREHIGH,G9,G09-S-SIM-AAA-01,S-9-2,相似三角形,判定,AA相似,3
G9,PREHIGH,G9,G09-S-SIM-SAS-01,S-9-2,相似三角形,判定,SAS相似,4
G9,PREHIGH,G9,G09-S-SIM-SSS-01,S-9-2,相似三角形,判定,SSS相似,4
G9,PREHIGH,G9,G09-S-SIM-HIGH-01,S-9-2,相似三角形,性質,對應高之比,4
G9,PREHIGH,G9,G09-S-SIM-AREA-01,S-9-2,相似三角形,性質,面積比,4
G9,PREHIGH,G9,G09-S-SIM-APP-01,S-9-2,相似三角形,應用,間接測量,5
G9,PREHIGH,G9,G09-S-PAR-MID-01,S-9-3,比例線段,平行截線,三角形中點連線,3
G9,PREHIGH,G9,G09-S-PAR-PROP-01,S-9-3,比例線段,平行截線,平行線截比例線段,4
G9,PREHIGH,G9,G09-S-PAR-REV-01,S-9-3,比例線段,判定,比例反推平行,4
G9,PREHIGH,G9,G09-S-PAR-APP-01,S-9-3,比例線段,應用,複合比例線段,5
G9,PREHIGH,G9,G09-S-RT-306090-01,S-9-4,特殊直角三角形,邊長比,30-60-90,3
G9,PREHIGH,G9,G09-S-RT-454590-01,S-9-4,特殊直角三角形,邊長比,45-45-90,3
G9,PREHIGH,G9,G09-S-TRIG-RATIO-01,S-9-4,特殊直角三角形,邊長比,固定銳角的邊長比不變,4
G9,PREHIGH,G9,G09-S-TRIG-CALC-01,S-9-4,特殊直角三角形,近似應用,計算機求三角比近似值,4
G9,PREHIGH,G9,G09-S-TRIG-APP-01,S-9-4,特殊直角三角形,應用,高距測量,5
G9,PREHIGH,G9,G09-S-ARC-01,S-9-5,圓,弧與扇形,弧與弦基本概念,2
G9,PREHIGH,G9,G09-S-ARCLEN-01,S-9-5,圓,弧與扇形,弧長,3
G9,PREHIGH,G9,G09-S-SECTOR-01,S-9-5,圓,弧與扇形,扇形面積,3
G9,PREHIGH,G9,G09-S-ARCSECTOR-APP-01,S-9-5,圓,弧與扇形,複合弧長面積,5
G9,PREHIGH,G9,G09-S-CENTERANGLE-01,S-9-6,圓,角與弧,圓心角與弧,3
G9,PREHIGH,G9,G09-S-INSCRIBED-01,S-9-6,圓,角與弧,圓周角,4
G9,PREHIGH,G9,G09-S-DIAMETER-ANGLE-01,S-9-6,圓,角與弧,直徑所對圓周角,3
G9,PREHIGH,G9,G09-S-CYCLIC-01,S-9-6,圓,內接多邊形,圓內接四邊形,4
G9,PREHIGH,G9,G09-S-TANGENTSEG-01,S-9-6,圓,切線,同外點切線段等長,4
G9,PREHIGH,G9,G09-S-POINTCIRCLE-01,S-9-7,圓,位置關係,點與圓,2
G9,PREHIGH,G9,G09-S-LINECIRCLE-01,S-9-7,圓,位置關係,直線與圓,3
G9,PREHIGH,G9,G09-S-TANGENT-01,S-9-7,圓,切線,半徑垂直切線,4
G9,PREHIGH,G9,G09-S-CHORDDIST-01,S-9-7,圓,弦,弦心距垂直平分弦,4
G9,PREHIGH,G9,G09-S-CIRCLE-MIX-01,S-9-6 / S-9-7,圓,綜合,圓角弦切綜合,5
G9,PREHIGH,G9,G09-S-CIRCUMCENTER-01,S-9-8,三角形的心,外心,外心與外接圓,3
G9,PREHIGH,G9,G09-S-CIRCUMCENTER-02,S-9-8,三角形的心,外心,外心到頂點等距,4
G9,PREHIGH,G9,G09-S-CIRCUMCENTER-03,S-9-8,三角形的心,外心,直角三角形外心,3
G9,PREHIGH,G9,G09-S-INCENTER-01,S-9-9,三角形的心,內心,內心與內切圓,3
G9,PREHIGH,G9,G09-S-INCENTER-02,S-9-9,三角形的心,內心,到三邊等距,4
G9,PREHIGH,G9,G09-S-INCENTER-AREA-01,S-9-9,三角形的心,內心,面積與內切圓半徑,4
G9,PREHIGH,G9,G09-S-INCENTER-RT-01,S-9-9,三角形的心,內心,直角三角形內切圓半徑,4
G9,PREHIGH,G9,G09-S-CENTROID-01,S-9-10,三角形的心,重心,重心與中線,3
G9,PREHIGH,G9,G09-S-CENTROID-RATIO-01,S-9-10,三角形的心,重心,2:1 分點,4
G9,PREHIGH,G9,G09-S-CENTROID-AREA-01,S-9-10,三角形的心,重心,六等分面積,4
G9,PREHIGH,G9,G09-S-CENTERS-COMPARE-01,S-9-8 / S-9-9 / S-9-10,三角形的心,比較,外心內心重心辨識,4
G9,PREHIGH,G9,G09-S-PROOF-MEAN-01,S-9-11,證明,證明概念,敘述與理由,3
G9,PREHIGH,G9,G09-S-PROOF-GEO-01,S-9-11,證明,幾何證明,直接幾何推理,5
G9,PREHIGH,G9,G09-S-PROOF-ALG-01,S-9-11,證明,代數證明,代數恆等與整除推理,5
G9,PREHIGH,G9,G09-S-PROOF-COUNTER-01,S-9-11,證明,反例,用反例否定命題,4
G9,PREHIGH,G9,G09-S-SPACE-LINE-01,S-9-12,立體幾何,線與線,平行垂直歪斜,3
G9,PREHIGH,G9,G09-S-SPACE-LINEPLANE-01,S-9-12,立體幾何,線與面,線面平行垂直,4
G9,PREHIGH,G9,G09-S-SPACE-VIEW-01,S-9-12,立體幾何,空間推理,示意圖判讀,4
G9,PREHIGH,G9,G09-S-PRISM-NET-01,S-9-13,立體幾何,柱體,直角柱展開圖,3
G9,PREHIGH,G9,G09-S-PRISM-SA-01,S-9-13,立體幾何,柱體,直角柱表面積,4
G9,PREHIGH,G9,G09-S-PRISM-VOL-01,S-9-13,立體幾何,柱體,直角柱體積,3
G9,PREHIGH,G9,G09-S-CONE-NET-01,S-9-13,立體幾何,圓錐,直圓錐展開圖,4
G9,PREHIGH,G9,G09-S-CONE-SA-01,S-9-13,立體幾何,圓錐,直圓錐表面積,5
G9,PREHIGH,G9,G09-S-PYRAMID-NET-01,S-9-13,立體幾何,角錐,正角錐展開圖,4
G9,PREHIGH,G9,G09-S-PYRAMID-SA-01,S-9-13,立體幾何,角錐,正角錐表面積,4
G9,PREHIGH,G9,G09-F-QUAD-MEAN-01,F-9-1,二次函數,函數意義,二次函數與二次方程式區別,3
G9,PREHIGH,G9,G09-F-QUAD-CONTEXT-01,F-9-1,二次函數,函數意義,具體二次關係,4
G9,PREHIGH,G9,G09-F-PARABOLA-01,F-9-2,二次函數,圖形,y=ax²基本圖形,3
G9,PREHIGH,G9,G09-F-SHIFT-V-01,F-9-2,二次函數,圖形,y=ax²+k,3
G9,PREHIGH,G9,G09-F-SHIFT-H-01,F-9-2,二次函數,圖形,y=a(x-h)²,3
G9,PREHIGH,G9,G09-F-VERTEX-01,F-9-2,二次函數,圖形,y=a(x-h)²+k,4
G9,PREHIGH,G9,G09-F-EXTREME-01,F-9-2,二次函數,極值,最大值最小值,4
G9,PREHIGH,G9,G09-F-GRAPH-TRANS-01,F-9-2,二次函數,圖形,平移關係,4
G9,PREHIGH,G9,G09-F-QUAD-GRAPH-APP-01,F-9-2,二次函數,圖形應用,由圖判讀參數與特性,5
G9,PREHIGH,G9,G09-D-RANGE-01,D-9-1,統計,資料分布,全距,2
G9,PREHIGH,G9,G09-D-QUARTILE-01,D-9-1,統計,資料分布,四分位數,3
G9,PREHIGH,G9,G09-D-IQR-01,D-9-1,統計,資料分布,四分位距,3
G9,PREHIGH,G9,G09-D-BOXPLOT-READ-01,D-9-1,統計,盒狀圖,盒狀圖報讀,4
G9,PREHIGH,G9,G09-D-BOXPLOT-COMP-01,D-9-1,統計,盒狀圖,兩組資料比較,5
G9,PREHIGH,G9,G09-D-PROB-MEAN-01,D-9-2,機率,基本概念,機率與樣本空間,2
G9,PREHIGH,G9,G09-D-TREE-01,D-9-2,機率,樹狀圖,兩層樹狀圖,3
G9,PREHIGH,G9,G09-D-TREE-PROB-01,D-9-2 / D-9-3,機率,樹狀圖,兩階段機率,4
G9,PREHIGH,G9,G09-D-CLASSICAL-01,D-9-3,機率,古典機率,等可能結果,3
G9,PREHIGH,G9,G09-D-COIN-DICE-01,D-9-3,機率,古典機率,硬幣骰子撲克牌抽球,4
G9,PREHIGH,G9,G09-D-COMPLEMENT-01,D-9-3,機率,古典機率,反事件初步,4
G9,PREHIGH,G9,G09-D-EXPERIMENT-01,D-9-3,機率,機率探究,不對稱物體實驗,4
G10_GENERAL,GENERAL,G10,G10G-N-REAL-01,N-10-1,實數與數線,實數,有理數與無理數,3
G10_GENERAL,GENERAL,G10,G10G-N-REAL-02,N-10-1,實數與數線,實數,無理數估算,3
G10_GENERAL,GENERAL,G10,G10G-N-SCI-01,N-10-1,實數與數線,科學記號,科學記號運算,3
G10_GENERAL,GENERAL,G10,G10G-N-SIGFIG-01,N-10-1 / N-10-5,實數與數線,有效位數,有效位數,4
G10_GENERAL,GENERAL,G10,G10G-N-ERROR-01,N-10-5,實數與數線,誤差,數值誤差,4
G10_GENERAL,GENERAL,G10,G10G-N-ABS-EQ-01,N-10-2,絕對值與區間,絕對值,絕對值方程式,3
G10_GENERAL,GENERAL,G10,G10G-N-ABS-INEQ-01,N-10-2,絕對值與區間,絕對值,絕對值不等式,4
G10_GENERAL,GENERAL,G10,G10G-N-INTERVAL-01,N-10-2 / F-10-3,絕對值與區間,區間,區間符號,3
G10_GENERAL,GENERAL,G10,G10G-N-ERROR-RANGE-01,N-10-2,絕對值與區間,應用,誤差範圍,4
G10_GENERAL,GENERAL,G10,G10G-N-EXP-FRAC-01,N-10-3,指數與對數,指數,分數次方,3
G10_GENERAL,GENERAL,G10,G10G-N-EXP-REAL-01,N-10-3,指數與對數,指數,實數指數,4
G10_GENERAL,GENERAL,G10,G10G-N-GEOMEAN-01,N-10-3,指數與對數,不等式,幾何平均,3
G10_GENERAL,GENERAL,G10,G10G-N-AMGM-01,N-10-3,指數與對數,不等式,算幾不等式,4
G10_GENERAL,GENERAL,G10,G10G-N-LOG-01,N-10-4,指數與對數,常用對數,log意義,3
G10_GENERAL,GENERAL,G10,G10G-N-LOG-SCI-01,N-10-4,指數與對數,常用對數,對數與科學記號,4
G10_GENERAL,GENERAL,G10,G10G-N-LOG-CALC-01,N-10-4,指數與對數,常用對數,計算機log/10^x,3
G10_GENERAL,GENERAL,G10,G10G-A-CUBICFORM-01,A-10-1,式的運算,乘法公式,立方和差公式,3
G10_GENERAL,GENERAL,G10,G10G-A-CUBICFORM-02,A-10-1,式的運算,乘法公式,和立方/差立方因式分解,4
G10_GENERAL,GENERAL,G10,G10G-A-RADICAL-01,A-10-1,式的運算,根式,根式綜合運算,4
G10_GENERAL,GENERAL,G10,G10G-A-RATIONAL-01,A-10-1,式的運算,分式,分式四則,4
G10_GENERAL,GENERAL,G10,G10G-A-REMAINDER-01,A-10-2,多項式,除法原理,餘式定理,3
G10_GENERAL,GENERAL,G10,G10G-A-FACTOR-THM-01,A-10-2,多項式,除法原理,因式定理,3
G10_GENERAL,GENERAL,G10,G10G-A-SYNTH-01,A-10-2,多項式,除法原理,綜合除法,4
G10_GENERAL,GENERAL,G10,G10G-A-XA-EXPAND-01,A-10-2 / F-10-2,多項式,局部表示,以(x-a)為基準重寫多項式,5
G10_GENERAL,GENERAL,G10,G10G-F-FNOT-01,F-10-1,函數,函數符號,f(x)意義,3
G10_GENERAL,GENERAL,G10,G10G-F-LINEAR-01,F-10-1,函數,一次函數,一次函數與平移,3
G10_GENERAL,GENERAL,G10,G10G-F-SECTION-01,F-10-1,函數,分點公式,數線分點公式,4
G10_GENERAL,GENERAL,G10,G10G-F-QUAD-COMPLETE-01,F-10-1,函數,二次函數,一般式配方,4
G10_GENERAL,GENERAL,G10,G10G-F-QUAD-TRANS-01,F-10-1,函數,二次函數,圖形轉換,4
G10_GENERAL,GENERAL,G10,G10G-F-QUAD-CLOSED-01,F-10-1,函數,二次函數,閉區間極值應用,5
G10_GENERAL,GENERAL,G10,G10G-F-CUBIC-SYM-01,F-10-2,函數,三次函數,三次函數對稱性,4
G10_GENERAL,GENERAL,G10,G10G-F-CUBIC-GLOBAL-01,F-10-2,函數,三次函數,大域特徵,4
G10_GENERAL,GENERAL,G10,G10G-F-CUBIC-LOCAL-01,F-10-2,函數,三次函數,局部近似,5
G10_GENERAL,GENERAL,G10,G10G-F-POLY-INEQ-01,F-10-3,函數與不等式,多項式不等式,一次二次不等式,4
G10_GENERAL,GENERAL,G10,G10G-F-POLY-INEQ-02,F-10-3,函數與不等式,多項式不等式,已分解高次不等式,5
G10_GENERAL,GENERAL,G10,G10G-F-GRAPH-INEQ-01,F-10-3,函數與不等式,圖形連結,函數圖形與不等式,4
G10_GENERAL,GENERAL,G10,G10G-G-SYM-01,G-10-1,解析幾何,坐標對稱,坐標對稱,2
G10_GENERAL,GENERAL,G10,G10G-G-SLOPE-01,G-10-2,解析幾何,直線,斜率與斜角,3
G10_GENERAL,GENERAL,G10,G10G-G-LINE-POINTSLOPE-01,G-10-2,解析幾何,直線,點斜式,3
G10_GENERAL,GENERAL,G10,G10G-G-LINE-TWOPOINT-01,G-10-2,解析幾何,直線,兩點決定直線,3
G10_GENERAL,GENERAL,G10,G10G-G-LINE-PARPERP-01,G-10-2,解析幾何,直線,平行與垂直,4
G10_GENERAL,GENERAL,G10,G10G-G-POINTLINE-DIST-01,G-10-2,解析幾何,距離,點到直線距離,4
G10_GENERAL,GENERAL,G10,G10G-G-PARALLEL-DIST-01,G-10-2,解析幾何,距離,平行線距離,4
G10_GENERAL,GENERAL,G10,G10G-G-LINEAR-REGION-01,G-10-2,解析幾何,二元一次不等式,半平面,4
G10_GENERAL,GENERAL,G10,G10G-G-CIRCLE-EQ-01,G-10-3,解析幾何,圓,圓標準式,3
G10_GENERAL,GENERAL,G10,G10G-G-CIRCLE-CONV-01,G-10-3,解析幾何,圓,一般二次式配方成圓,4
G10_GENERAL,GENERAL,G10,G10G-G-LINECIRCLE-01,G-10-4,解析幾何,直線與圓,相交相切相離,4
G10_GENERAL,GENERAL,G10,G10G-G-TANGENT-01,G-10-4,解析幾何,直線與圓,圓切線,5
G10_GENERAL,GENERAL,G10,G10G-G-ANGLE-01,G-10-5,三角比,廣義角,終邊與同界角,3
G10_GENERAL,GENERAL,G10,G10G-G-POLAR-01,G-10-5,三角比,極坐標,極坐標與直角坐標,4
G10_GENERAL,GENERAL,G10,G10G-G-TRIG-01,G-10-6,三角比,廣義角三角比,sin cos tan定義,3
G10_GENERAL,GENERAL,G10,G10G-G-TRIG-SPECIAL-01,G-10-6,三角比,特殊角,特殊角三角比,3
G10_GENERAL,GENERAL,G10,G10G-G-TRIG-SIGN-01,G-10-6,三角比,廣義角,象限符號,3
G10_GENERAL,GENERAL,G10,G10G-G-SINE-LAW-01,G-10-7,三角比,三角形解法,正弦定理,4
G10_GENERAL,GENERAL,G10,G10G-G-COSINE-LAW-01,G-10-7,三角比,三角形解法,餘弦定理,4
G10_GENERAL,GENERAL,G10,G10G-G-PROJECTION-01,G-10-7,三角比,正射影,正射影,4
G10_GENERAL,GENERAL,G10,G10G-G-TRIG-MEASURE-01,G-10-7,三角比,應用,斜角與測量,5
G10_GENERAL,GENERAL,G10,G10G-N-REC-01,N-10-6,數列級數,遞迴,一階遞迴數列,3
G10_GENERAL,GENERAL,G10,G10G-N-GEOSUM-01,N-10-6,數列級數,有限等比級數,有限等比級數求和,4
G10_GENERAL,GENERAL,G10,G10G-N-SUMFORM-01,N-10-6,數列級數,求和,常用求和公式,4
G10_GENERAL,GENERAL,G10,G10G-N-INDUCT-01,N-10-6,數列級數,數學歸納法,歸納法結構,5
G10_GENERAL,GENERAL,G10,G10G-N-EXP-EQ-APP-01,N-10-4 / N-10-6,數列級數,應用,a^x=b近似,4
G10_GENERAL,GENERAL,G10,G10G-N-LOGIC-PROP-01,N-10-7,邏輯,命題,命題與否定,3
G10_GENERAL,GENERAL,G10,G10G-N-LOGIC-ANDOR-01,N-10-7,邏輯,命題,且與或,3
G10_GENERAL,GENERAL,G10,G10G-N-LOGIC-IMPLY-01,N-10-7,邏輯,推論,充分必要充要,4
G10_GENERAL,GENERAL,G10,G10G-D-SET-01,D-10-1,集合與計數機率,集合,集合表示與關係,3
G10_GENERAL,GENERAL,G10,G10G-D-SETOP-01,D-10-1,集合與計數機率,集合,交聯餘集與文氏圖,3
G10_GENERAL,GENERAL,G10,G10G-D-COUNT-ADD-01,D-10-3,集合與計數機率,計數,加法與乘法原理,3
G10_GENERAL,GENERAL,G10,G10G-D-COUNT-IE-01,D-10-3,集合與計數機率,計數,取捨原理,4
G10_GENERAL,GENERAL,G10,G10G-D-PERM-01,D-10-3,集合與計數機率,排列,直線排列,4
G10_GENERAL,GENERAL,G10,G10G-D-COMB-01,D-10-3,集合與計數機率,組合,組合,4
G10_GENERAL,GENERAL,G10,G10G-D-BINOM-01,D-10-3,集合與計數機率,組合應用,二項式展開,4
G10_GENERAL,GENERAL,G10,G10G-D-PROB-SPACE-01,D-10-4,集合與計數機率,機率,樣本空間與事件,3
G10_GENERAL,GENERAL,G10,G10G-D-PROB-COMP-01,D-10-4,集合與計數機率,機率,複合事件,4
G10_GENERAL,GENERAL,G10,G10G-D-EXPECT-01,D-10-4,集合與計數機率,期望值,期望值,4
G10_GENERAL,GENERAL,G10,G10G-D-STD-01,D-10-2,數據分析,一維數據,標準差,4
G10_GENERAL,GENERAL,G10,G10G-D-PERCENTILE-01,D-10-2,數據分析,一維數據,百分位數,4
G10_GENERAL,GENERAL,G10,G10G-D-SCATTER-01,D-10-2,數據分析,二維數據,散布圖,3
G10_GENERAL,GENERAL,G10,G10G-D-CORR-01,D-10-2,數據分析,二維數據,相關係數,4
G10_GENERAL,GENERAL,G10,G10G-D-STANDARDIZE-01,D-10-2,數據分析,標準化,z型標準化概念,4
G10_GENERAL,GENERAL,G10,G10G-D-BESTFIT-01,D-10-2,數據分析,二維數據,最適直線,5
G11_A,GENERAL_A,G11,G11A-N-RAD-01,N-11A-1,三角函數,弧度量,弧度定義與換算,3
G11_A,GENERAL_A,G11,G11A-N-ARCLEN-01,N-11A-1,三角函數,弧度量,弧長與扇形面積,3
G11_A,GENERAL_A,G11,G11A-F-TRIGGRAPH-01,F-11A-1,三角函數,函數圖形,sin/cos圖形,3
G11_A,GENERAL_A,G11,G11A-F-TANGRAPH-01,F-11A-1,三角函數,函數圖形,tan圖形,4
G11_A,GENERAL_A,G11,G11A-G-SUMDIFF-01,G-11A-5,三角函數,和差角,正弦餘弦和差角,4
G11_A,GENERAL_A,G11,G11A-G-DOUBLE-01,G-11A-5,三角函數,和差角,倍角公式,4
G11_A,GENERAL_A,G11,G11A-G-HALF-01,G-11A-5,三角函數,和差角,半角公式,5
G11_A,GENERAL_A,G11,G11A-F-SUPERPOSE-01,F-11A-2,三角函數,正餘弦疊合,asinx+bcosx疊合,5
G11_A,GENERAL_A,G11,G11A-F-PERIODMODEL-01,F-11A-1 / F-11A-2,三角函數,週期模型,週期現象建模,5
G11_A,GENERAL_A,G11,G11A-A-LOGLAW-01,A-11A-4,指數對數,對數律,乘除冪對數律,4
G11_A,GENERAL_A,G11,G11A-A-CHANGEBASE-01,A-11A-4,指數對數,對數律,換底公式,4
G11_A,GENERAL_A,G11,G11A-F-EXPGRAPH-01,F-11A-4,指數對數,指數函數,指數函數圖形,3
G11_A,GENERAL_A,G11,G11A-F-LOGGRAPH-01,F-11A-4,指數對數,對數函數,對數函數圖形,4
G11_A,GENERAL_A,G11,G11A-F-EXPEQ-01,F-11A-4 / A-11A-4,指數對數,方程式,指數與對數方程式,4
G11_A,GENERAL_A,G11,G11A-F-GROWTH-01,F-11A-4,指數對數,應用,成長與衰退模型,5
G11_A,GENERAL_A,G11,G11A-G-VEC-01,G-11A-1,向量與空間,平面向量,向量線性組合,3
G11_A,GENERAL_A,G11,G11A-G-VEC-DOT-01,G-11A-6,向量與空間,平面向量運算,平面向量內積,4
G11_A,GENERAL_A,G11,G11A-G-VEC-PROJ-01,G-11A-6,向量與空間,平面向量運算,正射影,4
G11_A,GENERAL_A,G11,G11A-G-VEC-AREA-01,G-11A-6,向量與空間,平面向量運算,二階行列式與面積,4
G11_A,GENERAL_A,G11,G11A-G-VEC-CAUCHY-01,G-11A-4 / G-11A-6,向量與空間,不等式,三角/柯西不等式,5
G11_A,GENERAL_A,G11,G11A-G-SPACECOORD-01,G-11A-2,向量與空間,空間坐標,空間點坐標與距離,3
G11_A,GENERAL_A,G11,G11A-G-SPACEVEC-01,G-11A-3,向量與空間,空間向量,空間向量線性組合,4
G11_A,GENERAL_A,G11,G11A-G-SPACE-DOT-01,G-11A-7,向量與空間,空間向量運算,空間向量內積,4
G11_A,GENERAL_A,G11,G11A-G-CROSS-01,G-11A-7,向量與空間,空間向量運算,外積,5
G11_A,GENERAL_A,G11,G11A-G-DET3-01,G-11A-8,向量與空間,三階行列式,三重積,5
G11_A,GENERAL_A,G11,G11A-S-SPACE-01,S-11A-1,向量與空間,空間概念,線線線面面面關係,4
G11_A,GENERAL_A,G11,G11A-S-THREEPERP-01,S-11A-1,向量與空間,空間概念,三垂線定理,5
G11_A,GENERAL_A,G11,G11A-G-PLANE-01,G-11A-9,向量與空間,平面方程式,法向量與平面標準式,4
G11_A,GENERAL_A,G11,G11A-G-PLANEANGLE-01,G-11A-9,向量與空間,平面方程式,兩平面夾角,5
G11_A,GENERAL_A,G11,G11A-G-POINTPLANE-01,G-11A-9,向量與空間,平面方程式,點到平面距離,5
G11_A,GENERAL_A,G11,G11A-G-SPACELINE-01,G-11A-10,向量與空間,空間直線,參數式與比例式,4
G11_A,GENERAL_A,G11,G11A-G-LINEPLANE-01,G-11A-10,向量與空間,空間直線,直線與平面關係,5
G11_A,GENERAL_A,G11,G11A-G-SKEWDIST-01,G-11A-10,向量與空間,空間直線,平行/歪斜線距離,5
G11_A,GENERAL_A,G11,G11A-A-MAT2SYS-01,A-11A-1,矩陣與方程組,矩陣表達,二元方程組矩陣化,4
G11_A,GENERAL_A,G11,G11A-A-CRAMER-01,A-11A-1,矩陣與方程組,二元方程組,克拉瑪公式,5
G11_A,GENERAL_A,G11,G11A-A-SYS-TYPE-01,A-11A-1,矩陣與方程組,方程組分類,唯一/無窮/無解,5
G11_A,GENERAL_A,G11,G11A-A-SYS3-01,A-11A-2,矩陣與方程組,三元聯立,三元消去法,4
G11_A,GENERAL_A,G11,G11A-A-AUGMENT-01,A-11A-2,矩陣與方程組,三元聯立,增廣矩陣,5
G11_A,GENERAL_A,G11,G11A-A-MATOPS-01,A-11A-3,矩陣與方程組,矩陣運算,矩陣加減與係數積,3
G11_A,GENERAL_A,G11,G11A-A-MATMUL-01,A-11A-3,矩陣與方程組,矩陣運算,矩陣乘法,4
G11_A,GENERAL_A,G11,G11A-A-INVERSE2-01,A-11A-3,矩陣與方程組,矩陣運算,二階反方陣,5
G11_A,GENERAL_A,G11,G11A-F-LINTRANS-01,F-11A-3,矩陣與方程組,矩陣應用,平面線性變換,5
G11_A,GENERAL_A,G11,G11A-F-TRANSITION-01,F-11A-3,矩陣與方程組,矩陣應用,二階轉移方陣,5
G11_A,GENERAL_A,G11,G11A-D-SUBJOBJ-01,D-11A-1,機率,機率觀點,主觀與客觀機率,3
G11_A,GENERAL_A,G11,G11A-D-COND-01,D-11A-2,機率,條件機率,條件機率,4
G11_A,GENERAL_A,G11,G11A-D-INDEP-01,D-11A-2,機率,條件機率,事件獨立,4
G11_A,GENERAL_A,G11,G11A-D-MULT-01,D-11A-3,機率,貝氏定理,條件機率乘法公式,4
G11_A,GENERAL_A,G11,G11A-D-BAYES-01,D-11A-3,機率,貝氏定理,貝氏定理,5
G11_A,GENERAL_A,G11,G11A-D-BAYES-APP-01,D-11A-3,機率,貝氏定理,診斷/分類情境,5
G11_B,GENERAL_B,G11,G11B-N-RAD-01,N-11B-1,週期與成長模型,弧度量,弧度與度數,3
G11_B,GENERAL_B,G11,G11B-N-ARCLEN-01,N-11B-1,週期與成長模型,弧度量,弧長與扇形面積,3
G11_B,GENERAL_B,G11,G11B-F-SINEGRAPH-01,F-11B-1,週期與成長模型,週期模型,正弦函數圖形,3
G11_B,GENERAL_B,G11,G11B-F-PERIODMODEL-01,F-11B-1,週期與成長模型,週期模型,週期性現象建模,4
G11_B,GENERAL_B,G11,G11B-F-EXPGROWTH-01,F-11B-2,週期與成長模型,成長模型,指數成長衰退,3
G11_B,GENERAL_B,G11,G11B-F-LOGMODEL-01,F-11B-2,週期與成長模型,成長模型,對數模型,4
G11_B,GENERAL_B,G11,G11B-F-FINANCE-01,F-11B-2,週期與成長模型,成長模型,金融與複利,5
G11_B,GENERAL_B,G11,G11B-F-LN-01,F-11B-2,週期與成長模型,成長模型,自然對數函數,4
G11_B,GENERAL_B,G11,G11B-G-VEC-01,G-11B-1,向量與比例,平面向量,向量基本運算,3
G11_B,GENERAL_B,G11,G11B-G-DOT-01,G-11B-2,向量與比例,平面向量,內積,4
G11_B,GENERAL_B,G11,G11B-G-PROJ-01,G-11B-2,向量與比例,平面向量,正射影,4
G11_B,GENERAL_B,G11,G11B-G-PROP-01,G-11B-3,向量與比例,平面比例,比例與設計,4
G11_B,GENERAL_B,G11,G11B-G-SPACECOORD-01,G-11B-4,空間與視覺,空間坐標,空間點與距離,3
G11_B,GENERAL_B,G11,G11B-G-GLOBE-01,G-11B-4 / S-11B-1,空間與視覺,球面座標,經緯度與空間坐標,4
G11_B,GENERAL_B,G11,G11B-S-SPACE-01,S-11B-1,空間與視覺,空間概念,線與面的位置關係,3
G11_B,GENERAL_B,G11,G11B-S-NETDIST-01,S-11B-1,空間與視覺,展開圖,表面最短距離,4
G11_B,GENERAL_B,G11,G11B-S-GREATCIRCLE-01,S-11B-1,空間與視覺,球面,大圓與小圓,3
G11_B,GENERAL_B,G11,G11B-S-DIHEDRAL-01,S-11B-1,空間與視覺,兩面角,直角兩面角,3
G11_B,GENERAL_B,G11,G11B-S-CONIC-01,S-11B-2,空間與視覺,圓錐曲線,圓錐截痕,3
G11_B,GENERAL_B,G11,G11B-S-CONIC-APP-01,S-11B-2,空間與視覺,圓錐曲線,自然與設計中的圓錐曲線,4
G11_B,GENERAL_B,G11,G11B-A-MATDATA-01,A-11B-1,矩陣與資料,矩陣,矩陣作為資料表,2
G11_B,GENERAL_B,G11,G11B-A-MATOPS-01,A-11B-1,矩陣與資料,矩陣,矩陣加減係數積,3
G11_B,GENERAL_B,G11,G11B-A-MATMUL-01,A-11B-1,矩陣與資料,矩陣,矩陣乘法,4
G11_B,GENERAL_B,G11,G11B-A-INVERSE2-01,A-11B-1,矩陣與資料,矩陣,二階反方陣,4
G11_B,GENERAL_B,G11,G11B-A-SYSTEM-01,A-11B-1,矩陣與資料,矩陣應用,二元一次方程組,4
G11_B,GENERAL_B,G11,G11B-D-SUBJOBJ-01,D-11B-1,不確定性,機率觀點,主觀與客觀機率,3
G11_B,GENERAL_B,G11,G11B-D-COND-01,D-11B-2,不確定性,條件機率,條件機率,4
G11_B,GENERAL_B,G11,G11B-D-BAYES-01,D-11B-2,不確定性,貝氏定理,貝氏更新,5
G11_B,GENERAL_B,G11,G11B-D-INDEP-01,D-11B-2,不確定性,獨立事件,獨立性,4
G11_B,GENERAL_B,G11,G11B-D-TABLE-01,D-11B-2,不確定性,列聯表,列聯表與條件比例,4
G12_A,GENERAL_甲,G12,G12A-N-SEQLIM-01,N-12甲-1,極限與無窮,數列極限,數列極限概念,3
G12_A,GENERAL_甲,G12,G12A-N-SEQLIM-LAW-01,N-12甲-1,極限與無窮,數列極限,數列極限運算律,4
G12_A,GENERAL_甲,G12,G12A-N-SQUEEZE-01,N-12甲-1,極限與無窮,數列極限,夾擠定理,5
G12_A,GENERAL_甲,G12,G12A-N-NEWTON-01,N-12甲-1,極限與無窮,數值法,牛頓求根法,5
G12_A,GENERAL_甲,G12,G12A-N-E-01,N-12甲-1,極限與無窮,常數e,連續複利與e,4
G12_A,GENERAL_甲,G12,G12A-N-INFGEOSER-01,N-12甲-2,極限與無窮,無窮等比級數,收斂條件與和,4
G12_A,GENERAL_甲,G12,G12A-N-REPEATDEC-01,N-12甲-2,極限與無窮,無窮等比級數,循環小數轉分數,4
G12_A,GENERAL_甲,G12,G12A-N-SIGMA-01,N-12甲-2,極限與無窮,Σ符號,Σ基本操作,3
G12_A,GENERAL_甲,G12,G12A-N-COMPLEX-01,N-12甲-3,複數,複數平面,複數與複數平面,3
G12_A,GENERAL_甲,G12,G12A-N-COMPLEX-OPS-01,N-12甲-3,複數,運算,複數四則與絕對值,4
G12_A,GENERAL_甲,G12,G12A-N-POLAR-01,N-12甲-3,複數,極式,複數極式,4
G12_A,GENERAL_甲,G12,G12A-N-DEMOIVRE-01,N-12甲-3,複數,極式,棣美弗定理,5
G12_A,GENERAL_甲,G12,G12A-N-NROOT-01,N-12甲-3,複數,極式,複數n次方根,5
G12_A,GENERAL_甲,G12,G12A-A-CROOT-01,A-12甲-1,複數與方程式,虛根,方程式虛根,4
G12_A,GENERAL_甲,G12,G12A-A-FTA-01,A-12甲-1,複數與方程式,代數基本定理,代數基本定理,5
G12_A,GENERAL_甲,G12,G12A-A-CONJROOT-01,A-12甲-1,複數與方程式,虛根,共軛根成對,4
G12_A,GENERAL_甲,G12,G12A-G-PARABOLA-01,G-12甲-1,二次曲線,拋物線,拋物線標準式,4
G12_A,GENERAL_甲,G12,G12A-G-ELLIPSE-01,G-12甲-1,二次曲線,橢圓,橢圓標準式,4
G12_A,GENERAL_甲,G12,G12A-G-HYPERBOLA-01,G-12甲-1,二次曲線,雙曲線,雙曲線標準式,5
G12_A,GENERAL_甲,G12,G12A-G-CONIC-TRANS-01,G-12甲-1,二次曲線,變換,平移伸縮,4
G12_A,GENERAL_甲,G12,G12A-G-ELLIPSE-PARAM-01,G-12甲-1,二次曲線,參數式,橢圓參數式,5
G12_A,GENERAL_甲,G12,G12A-G-ROT-ELLIPSE-01,G-12甲-1,二次曲線,線性變換,旋轉橢圓認識xy項,5
G12_A,GENERAL_甲,G12,G12A-F-FUNCOPS-01,F-12甲-1,函數與微積分,函數,函數運算,3
G12_A,GENERAL_甲,G12,G12A-F-ODDEVEN-01,F-12甲-1,函數與微積分,函數,奇偶性,3
G12_A,GENERAL_甲,G12,G12A-F-INVERSE-01,F-12甲-1,函數與微積分,函數,反函數,4
G12_A,GENERAL_甲,G12,G12A-F-CONCAVE-01,F-12甲-1,函數與微積分,函數,凹凸性概念,3
G12_A,GENERAL_甲,G12,G12A-F-LIMIT-01,F-12甲-2,函數與微積分,函數極限,點極限,3
G12_A,GENERAL_甲,G12,G12A-F-LIMIT-LAW-01,F-12甲-2,函數與微積分,函數極限,函數極限運算律,4
G12_A,GENERAL_甲,G12,G12A-F-PIECEWISE-01,F-12甲-2,函數與微積分,函數極限,分段與絕對值函數,4
G12_A,GENERAL_甲,G12,G12A-F-CONT-01,F-12甲-2,函數與微積分,連續,函數連續,4
G12_A,GENERAL_甲,G12,G12A-F-IVT-01,F-12甲-2,函數與微積分,連續,介值定理,5
G12_A,GENERAL_甲,G12,G12A-F-SQUEEZE-01,F-12甲-2,函數與微積分,函數極限,函數夾擠定理,5
G12_A,GENERAL_甲,G12,G12A-F-DERDEF-01,F-12甲-3,函數與微積分,微分,導數極限定義,4
G12_A,GENERAL_甲,G12,G12A-F-TANGENT-01,F-12甲-3,函數與微積分,微分,切線與導數,3
G12_A,GENERAL_甲,G12,G12A-F-POLYDER-01,F-12甲-3,函數與微積分,微分,多項式微分,3
G12_A,GENERAL_甲,G12,G12A-F-ALGDER-01,F-12甲-3,函數與微積分,微分,簡單代數函數微分,4
G12_A,GENERAL_甲,G12,G12A-F-PRODUCT-01,F-12甲-4,函數與微積分,導函數,乘法律,4
G12_A,GENERAL_甲,G12,G12A-F-QUOTIENT-01,F-12甲-4,函數與微積分,導函數,除法律,4
G12_A,GENERAL_甲,G12,G12A-F-CHAIN-01,F-12甲-4,函數與微積分,導函數,連鎖律,5
G12_A,GENERAL_甲,G12,G12A-F-HIGHER-01,F-12甲-4,函數與微積分,導函數,高階導數,4
G12_A,GENERAL_甲,G12,G12A-F-MONOTONE-01,F-12甲-4,函數與微積分,導函數應用,單調性,4
G12_A,GENERAL_甲,G12,G12A-F-CONCAVITY-01,F-12甲-4,函數與微積分,導函數應用,凹凸與反曲,5
G12_A,GENERAL_甲,G12,G12A-F-LINEARAPP-01,F-12甲-4,函數與微積分,導函數應用,一次估計,5
G12_A,GENERAL_甲,G12,G12A-F-OPT-01,F-12甲-4,函數與微積分,導函數應用,最佳化,5
G12_A,GENERAL_甲,G12,G12A-F-TAYLORPOLY-01,F-12甲-4,函數與微積分,導函數應用,多項式泰勒展開,5
G12_A,GENERAL_甲,G12,G12A-F-RIEMANN-01,F-12甲-5,積分,黎曼和,分割與黎曼和,4
G12_A,GENERAL_甲,G12,G12A-F-DEFINT-01,F-12甲-5,積分,黎曼和,定積分,4
G12_A,GENERAL_甲,G12,G12A-F-ANTIDER-01,F-12甲-6,積分,反導函數,不定積分,3
G12_A,GENERAL_甲,G12,G12A-F-FTC-01,F-12甲-6,積分,微積分基本定理,微積分基本定理,4
G12_A,GENERAL_甲,G12,G12A-F-AREA-01,F-12甲-6,積分,定積分應用,平面面積,4
G12_A,GENERAL_甲,G12,G12A-F-DISPLACE-01,F-12甲-6,積分,定積分應用,位移與總變化量,4
G12_A,GENERAL_甲,G12,G12A-F-AVG-01,F-12甲-7,積分應用,平均,連續函數平均值,4
G12_A,GENERAL_甲,G12,G12A-F-DISKAREA-01,F-12甲-7,積分應用,面積,圓面積積分觀點,5
G12_A,GENERAL_甲,G12,G12A-F-SLICEVOL-01,F-12甲-7,積分應用,體積,切片積分法,5
G12_A,GENERAL_甲,G12,G12A-F-REVOLVOL-01,F-12甲-7,積分應用,體積,旋轉體體積,5
G12_A,GENERAL_甲,G12,G12A-D-RV-01,D-12甲-1,隨機變數與分布,離散隨機變數,隨機變數與機率分配,3
G12_A,GENERAL_甲,G12,G12A-D-EXPECT-01,D-12甲-1,隨機變數與分布,離散隨機變數,期望值,3
G12_A,GENERAL_甲,G12,G12A-D-VAR-01,D-12甲-1,隨機變數與分布,離散隨機變數,變異數與標準差,4
G12_A,GENERAL_甲,G12,G12A-D-BERNOULLI-01,D-12甲-1,隨機變數與分布,伯努力試驗,伯努力與重複試驗,4
G12_A,GENERAL_甲,G12,G12A-D-BINOM-01,D-12甲-2,隨機變數與分布,二項分布,二項分布,4
G12_A,GENERAL_甲,G12,G12A-D-GEOM-01,D-12甲-2,隨機變數與分布,幾何分布,幾何分布,5
G12_A,GENERAL_甲,G12,G12A-D-REASONABLE-01,D-12甲-2,隨機變數與分布,應用,機率合理性檢定,5
G12_B,GENERAL_乙,G12,G12B-N-COMPLEX-01,N-12乙-1,複數與級數,複數,複數平面,3
G12_B,GENERAL_乙,G12,G12B-N-COMPLEX-OPS-01,N-12乙-1,複數與級數,複數,複數四則與絕對值,4
G12_B,GENERAL_乙,G12,G12B-N-INFGEOSER-01,N-12乙-2,複數與級數,無窮等比級數,無窮等比級數,4
G12_B,GENERAL_乙,G12,G12B-N-REPEATDEC-01,N-12乙-2,複數與級數,無窮等比級數,循環小數,4
G12_B,GENERAL_乙,G12,G12B-N-SIGMA-01,N-12乙-2,複數與級數,Σ符號,Σ認識,3
G12_B,GENERAL_乙,G12,G12B-A-LP-01,A-12乙-1,線性規劃,線性規劃,可行區域,4
G12_B,GENERAL_乙,G12,G12B-A-LP-OBJ-01,A-12乙-1,線性規劃,線性規劃,目標函數,4
G12_B,GENERAL_乙,G12,G12B-A-LP-OPT-01,A-12乙-1,線性規劃,線性規劃,頂點法求最適值,5
G12_B,GENERAL_乙,G12,G12B-A-LP-APP-01,A-12乙-1,線性規劃,應用,資源配置,5
G12_B,GENERAL_乙,G12,G12B-A-CROOT-01,A-12乙-2,複數與方程式,虛根,方程式虛根,4
G12_B,GENERAL_乙,G12,G12B-A-FTA-01,A-12乙-2,複數與方程式,虛根,代數基本定理,4
G12_B,GENERAL_乙,G12,G12B-A-CONJROOT-01,A-12乙-2,複數與方程式,虛根,共軛根成對,4
G12_B,GENERAL_乙,G12,G12B-F-FUNCOPS-01,F-12乙-1,函數與微積分,函數,函數運算,3
G12_B,GENERAL_乙,G12,G12B-F-ODDEVEN-01,F-12乙-1,函數與微積分,函數,奇偶性,3
G12_B,GENERAL_乙,G12,G12B-F-CONCAVE-01,F-12乙-1,函數與微積分,函數,凹凸性概念,3
G12_B,GENERAL_乙,G12,G12B-F-LIMIT-01,F-12乙-2,函數與微積分,函數極限,點極限,3
G12_B,GENERAL_乙,G12,G12B-F-LIMIT-LAW-01,F-12乙-2,函數與微積分,函數極限,極限運算,4
G12_B,GENERAL_乙,G12,G12B-F-CONT-01,F-12乙-2,函數與微積分,連續,函數連續,4
G12_B,GENERAL_乙,G12,G12B-F-IVT-01,F-12乙-2,函數與微積分,連續,介值定理,4
G12_B,GENERAL_乙,G12,G12B-F-SQUEEZE-01,F-12乙-2,函數與微積分,函數極限,夾擠定理,5
G12_B,GENERAL_乙,G12,G12B-F-DERDEF-01,F-12乙-3,函數與微積分,微分,導數定義,4
G12_B,GENERAL_乙,G12,G12B-F-TANGENT-01,F-12乙-3,函數與微積分,微分,切線與導數,3
G12_B,GENERAL_乙,G12,G12B-F-POLYDER-01,F-12乙-3,函數與微積分,微分,多項式微分,3
G12_B,GENERAL_乙,G12,G12B-F-SECOND-01,F-12乙-4,函數與微積分,導函數,二階導數,4
G12_B,GENERAL_乙,G12,G12B-F-MONOTONE-01,F-12乙-4,函數與微積分,導函數應用,單調性,4
G12_B,GENERAL_乙,G12,G12B-F-CONCAVITY-01,F-12乙-4,函數與微積分,導函數應用,凹凸性,4
G12_B,GENERAL_乙,G12,G12B-F-OPT-01,F-12乙-4,函數與微積分,導函數應用,基本最佳化,5
G12_B,GENERAL_乙,G12,G12B-F-MARGINAL-01,F-12乙-4,函數與微積分,導函數應用,邊際意涵,5
G12_B,GENERAL_乙,G12,G12B-F-ANTIDER-01,F-12乙-5,積分,反導函數,一次二次函數反導,3
G12_B,GENERAL_乙,G12,G12B-F-DEFINT-01,F-12乙-5,積分,定積分,定積分面積意義,4
G12_B,GENERAL_乙,G12,G12B-F-FTC-01,F-12乙-5,積分,微積分基本定理,基本定理,4
G12_B,GENERAL_乙,G12,G12B-F-AREA-01,F-12乙-5,積分,應用,面積與總變化,4
G12_B,GENERAL_乙,G12,G12B-F-AVG-01,F-12乙-6,積分應用,平均,連續函數平均值,4
G12_B,GENERAL_乙,G12,G12B-F-TOTAL-01,F-12乙-6,積分應用,總量,總量與剩餘,5
G12_B,GENERAL_乙,G12,G12B-D-RV-01,D-12乙-1,隨機變數與分布,離散隨機變數,隨機變數與分配表,3
G12_B,GENERAL_乙,G12,G12B-D-EXPECT-01,D-12乙-1,隨機變數與分布,離散隨機變數,期望值,3
G12_B,GENERAL_乙,G12,G12B-D-VAR-01,D-12乙-1,隨機變數與分布,離散隨機變數,變異數與標準差,4
G12_B,GENERAL_乙,G12,G12B-D-BERNOULLI-01,D-12乙-1,隨機變數與分布,伯努力試驗,重複獨立試驗,4
G12_B,GENERAL_乙,G12,G12B-D-BINOM-01,D-12乙-2,隨機變數與分布,二項分布,二項分布,4
G12_B,GENERAL_乙,G12,G12B-D-BINOM-APP-01,D-12乙-2,隨機變數與分布,二項分布,應用與合理性,5
TECH_A_G10,TECH_A,G10,G10TA-NUM-01,N-10-1,坐標系與函數圖形,數線,數線與實數位置,2
TECH_A_G10,TECH_A,G10,G10TA-ABS-01,N-10-2,坐標系與函數圖形,絕對值,絕對值幾何意義,3
TECH_A_G10,TECH_A,G10,G10TA-ABS-INEQ-01,N-10-2,坐標系與函數圖形,絕對值,基本絕對值不等式,4
TECH_A_G10,TECH_A,G10,G10TA-COORD-01,N-10-3,坐標系與函數圖形,平面坐標系,坐標與兩點距離,3
TECH_A_G10,TECH_A,G10,G10TA-FUNC-01,R-10-1,坐標系與函數圖形,線型函數,函數與y=f(x),3
TECH_A_G10,TECH_A,G10,G10TA-LINEAR-01,R-10-1,坐標系與函數圖形,線型函數,線型函數圖形,3
TECH_A_G10,TECH_A,G10,G10TA-QUAD-01,R-10-2,坐標系與函數圖形,二次函數,二次函數基本圖形,3
TECH_A_G10,TECH_A,G10,G10TA-COMPLETE-01,A-10-1,坐標系與函數圖形,配方法,二次式配方,4
TECH_A_G10,TECH_A,G10,G10TA-QUAD-EXTREME-01,R-10-2 / A-10-1,坐標系與函數圖形,二次函數,配方求極值,4
TECH_A_G10,TECH_A,G10,G10TA-SLOPE-01,R-10-3,直線方程式,斜率,斜率,3
TECH_A_G10,TECH_A,G10,G10TA-LINE-01,R-10-4,直線方程式,直線,點斜式與一般式,4
TECH_A_G10,TECH_A,G10,G10TA-PARPERP-01,R-10-3 / R-10-4,直線方程式,直線,平行垂直直線,4
TECH_A_G10,TECH_A,G10,G10TA-POLY-01,A-10-2,式的運算,多項式,多項式基本概念,2
TECH_A_G10,TECH_A,G10,G10TA-REM-01,A-10-3,式的運算,多項式,餘式定理,3
TECH_A_G10,TECH_A,G10,G10TA-FACTORTHM-01,A-10-3,式的運算,多項式,因式定理,3
TECH_A_G10,TECH_A,G10,G10TA-SYNTH-01,A-10-3,式的運算,多項式,x-a綜合除法,4
TECH_A_G10,TECH_A,G10,G10TA-FACTOR-01,A-10-4,式的運算,因式分解,因式分解策略,4
TECH_A_G10,TECH_A,G10,G10TA-ANGLE-01,N-10-4,三角函數,角度,角度基本性質,2
TECH_A_G10,TECH_A,G10,G10TA-RATIO-01,N-10-5,三角函數,比與比值,比與連比複習,2
TECH_A_G10,TECH_A,G10,G10TA-TRIG-ACUTE-01,N-10-6,三角函數,銳角三角函數,sin cos tan,3
TECH_A_G10,TECH_A,G10,G10TA-TRIG-ANY-01,N-10-7,三角函數,任意角,任意角三角函數,4
TECH_A_G10,TECH_A,G10,G10TA-TRIG-CALC-01,N-10-6 / N-10-7,三角函數,計算機,計算機三角函數,3
TECH_A_G10,TECH_A,G10,G10TA-SIN-PERIOD-01,R-10-5,三角函數,週期現象,正弦函數週期,4
TECH_A_G10,TECH_A,G10,G10TA-COS-PERIOD-01,R-10-5,三角函數,週期現象,餘弦函數週期,4
TECH_A_G10,TECH_A,G10,G10TA-MEASURE-01,S-10-1,三角函數,三角測量,基本三角測量,4
TECH_A_G10,TECH_A,G10,G10TA-CIRCLE-01,S-10-2,圓與直線,圓,圓標準式,3
TECH_A_G10,TECH_A,G10,G10TA-CIRCLE-GEN-01,S-10-2,圓與直線,圓,圓一般式,4
TECH_A_G10,TECH_A,G10,G10TA-LINECIRCLE-01,S-10-3,圓與直線,位置關係,直線與圓相交相切相離,4
TECH_A_G10,TECH_A,G10,G10TA-TANGENT-ATPOINT-01,S-10-3,圓與直線,切線,切點切線,4
TECH_A_G10,TECH_A,G10,G10TA-ARITH-01,N-10-8,數列與級數,等差數列,等差一般項,3
TECH_A_G10,TECH_A,G10,G10TA-ARITHSUM-01,N-10-8,數列與級數,等差級數,等差級數和,4
TECH_A_G10,TECH_A,G10,G10TA-GEO-01,N-10-9,數列與級數,等比數列,等比一般項,3
TECH_A_G10,TECH_A,G10,G10TA-GEOSUM-01,N-10-9,數列與級數,等比級數,有限等比級數和,4
TECH_A_G10,TECH_A,G10,G10TA-REC-01,N-10-8 / N-10-9,數列與級數,遞迴,簡單遞迴,4
TECH_B_G10,TECH_B,G10,G10TB-NUM-01,N-10-1,坐標系與函數圖形,數線,數線與實數位置,2
TECH_B_G10,TECH_B,G10,G10TB-ABS-01,N-10-2,坐標系與函數圖形,絕對值,絕對值幾何意義,3
TECH_B_G10,TECH_B,G10,G10TB-ABS-INEQ-01,N-10-2,坐標系與函數圖形,絕對值,基本絕對值不等式,4
TECH_B_G10,TECH_B,G10,G10TB-COORD-01,N-10-3,坐標系與函數圖形,平面坐標系,坐標與兩點距離,3
TECH_B_G10,TECH_B,G10,G10TB-FUNC-01,R-10-1,坐標系與函數圖形,線型函數,函數與y=f(x),3
TECH_B_G10,TECH_B,G10,G10TB-LINEAR-01,R-10-1,坐標系與函數圖形,線型函數,線型函數圖形,3
TECH_B_G10,TECH_B,G10,G10TB-QUAD-01,R-10-2,坐標系與函數圖形,二次函數,二次函數基本圖形,3
TECH_B_G10,TECH_B,G10,G10TB-COMPLETE-01,A-10-1,坐標系與函數圖形,配方法,二次式配方,4
TECH_B_G10,TECH_B,G10,G10TB-QUAD-EXTREME-01,R-10-2 / A-10-1,坐標系與函數圖形,二次函數,配方求極值,4
TECH_B_G10,TECH_B,G10,G10TB-SLOPE-01,R-10-3,直線方程式,斜率,斜率,3
TECH_B_G10,TECH_B,G10,G10TB-LINE-01,R-10-4,直線方程式,直線,點斜式與一般式,4
TECH_B_G10,TECH_B,G10,G10TB-PARPERP-01,R-10-3 / R-10-4,直線方程式,直線,平行垂直直線,4
TECH_B_G10,TECH_B,G10,G10TB-QUADINEQ-01,A-10-2,式的運算,二次不等式,一元二次不等式,4
TECH_B_G10,TECH_B,G10,G10TB-POLY-01,A-10-3,式的運算,多項式,多項式基本概念,2
TECH_B_G10,TECH_B,G10,G10TB-FACTOR-01,A-10-4,式的運算,因式分解,因式分解,4
TECH_B_G10,TECH_B,G10,G10TB-DIV-01,A-10-5,式的運算,除法原理,多項式除法與餘式,4
TECH_B_G10,TECH_B,G10,G10TB-REM-01,A-10-5,式的運算,除法原理,餘式定理,3
TECH_B_G10,TECH_B,G10,G10TB-RATIONAL-01,A-10-6,式的運算,分式,分式運算,4
TECH_B_G10,TECH_B,G10,G10TB-ANGLE-01,N-10-5,三角函數,角度,角度基本性質,2
TECH_B_G10,TECH_B,G10,G10TB-RATIO-01,N-10-4,三角函數,比與比值,比與連比複習,2
TECH_B_G10,TECH_B,G10,G10TB-TRIG-ACUTE-01,N-10-6,三角函數,銳角三角函數,sin cos tan,3
TECH_B_G10,TECH_B,G10,G10TB-TRIG-ANY-01,N-10-7,三角函數,任意角,任意角三角函數,4
TECH_B_G10,TECH_B,G10,G10TB-TRIG-CALC-01,N-10-6 / N-10-7,三角函數,計算機,計算機三角函數,3
TECH_B_G10,TECH_B,G10,G10TB-SIN-PERIOD-01,R-10-5,三角函數,週期現象,正弦函數週期,4
TECH_B_G10,TECH_B,G10,G10TB-COS-PERIOD-01,R-10-5,三角函數,週期現象,餘弦函數週期,4
TECH_B_G10,TECH_B,G10,G10TB-SINE-LAW-01,N-10-8,三角函數,三角形解法,正弦定理,4
TECH_B_G10,TECH_B,G10,G10TB-COSINE-LAW-01,N-10-9,三角函數,三角形解法,餘弦定理,4
TECH_B_G10,TECH_B,G10,G10TB-TRI-MEASURE-01,N-10-8 / N-10-9,三角函數,測量,斜三角測量,5
TECH_B_G10,TECH_B,G10,G10TB-VEC-DRAW-01,S-10-3,平面向量,向量,向量作圖,3
TECH_B_G10,TECH_B,G10,G10TB-VEC-COORD-01,N-10-10,平面向量,向量,向量坐標表示,3
TECH_B_G10,TECH_B,G10,G10TB-VEC-LEN-01,N-10-10,平面向量,向量,向量長度與平行,4
TECH_B_G10,TECH_B,G10,G10TB-DOT-01,N-10-11,平面向量,內積,向量內積,4
TECH_B_G10,TECH_B,G10,G10TB-DOT-ANGLE-01,N-10-11,平面向量,內積,夾角與垂直,4
TECH_B_G10,TECH_B,G10,G10TB-CIRCLE-01,S-10-1,圓與直線,圓,圓標準式,3
TECH_B_G10,TECH_B,G10,G10TB-CIRCLE-GEN-01,S-10-1,圓與直線,圓,圓一般式,4
TECH_B_G10,TECH_B,G10,G10TB-LINECIRCLE-01,S-10-2,圓與直線,位置關係,直線與圓相交相切相離,4
TECH_B_G10,TECH_B,G10,G10TB-TANGENT-ATPOINT-01,S-10-2,圓與直線,切線,切點切線,4
TECH_B_G10,TECH_B,G10,G10TB-ARITH-01,N-10-12,數列與級數,等差數列,等差一般項,3
TECH_B_G10,TECH_B,G10,G10TB-ARITHSUM-01,N-10-12,數列與級數,等差級數,等差級數和,4
TECH_B_G10,TECH_B,G10,G10TB-GEO-01,N-10-13,數列與級數,等比數列,等比一般項,3
TECH_B_G10,TECH_B,G10,G10TB-GEOSUM-01,N-10-13,數列與級數,等比級數,有限等比級數和,4
TECH_B_G10,TECH_B,G10,G10TB-REC-01,N-10-12 / N-10-13,數列與級數,遞迴,簡單遞迴,4
TECH_C_G10,TECH_C,G10,G10TC-REAL-01,N-10-1,坐標系與函數圖形,實數,實數與數線,3
TECH_C_G10,TECH_C,G10,G10TC-IRR-01,N-10-1,坐標系與函數圖形,實數,無理數運算,4
TECH_C_G10,TECH_C,G10,G10TC-AMGM-01,N-10-1,坐標系與函數圖形,不等式,算幾不等式,4
TECH_C_G10,TECH_C,G10,G10TC-ABS-01,N-10-2,坐標系與函數圖形,絕對值,絕對值與不等式,4
TECH_C_G10,TECH_C,G10,G10TC-COORD-01,S-10-1,坐標系與函數圖形,平面坐標,距離與分點,3
TECH_C_G10,TECH_C,G10,G10TC-FUNC-01,R-10-1,坐標系與函數圖形,函數,f(x)與函數圖形,3
TECH_C_G10,TECH_C,G10,G10TC-QUAD-01,R-10-1,坐標系與函數圖形,二次函數,配方與極值,4
TECH_C_G10,TECH_C,G10,G10TC-QUADINEQ-01,R-10-1,坐標系與函數圖形,二次不等式,一元二次不等式,5
TECH_C_G10,TECH_C,G10,G10TC-RATINEQ-01,R-10-1,坐標系與函數圖形,二次不等式,簡單分式不等式,5
TECH_C_G10,TECH_C,G10,G10TC-DIRANGLE-01,N-10-3,三角函數,有向角,有向角與弧度,4
TECH_C_G10,TECH_C,G10,G10TC-TRIG6-01,S-10-2,三角函數,銳角三角函數,六個三角函數,4
TECH_C_G10,TECH_C,G10,G10TC-TRIG-BASICREL-01,A-10-1,三角函數,基本性質,平方倒數商數關係,4
TECH_C_G10,TECH_C,G10,G10TC-TRIG-ANY-01,R-10-2,三角函數,任意角,任意角六個三角函數,4
TECH_C_G10,TECH_C,G10,G10TC-TRIG-GRAPH-01,R-10-3,三角函數,圖形週期,六個三角函數圖形,5
TECH_C_G10,TECH_C,G10,G10TC-SINE-LAW-01,S-10-3,三角函數,解三角形,正弦定理,4
TECH_C_G10,TECH_C,G10,G10TC-COSINE-LAW-01,S-10-3,三角函數,解三角形,餘弦定理,4
TECH_C_G10,TECH_C,G10,G10TC-TRIAREA-01,S-10-2 / S-10-3,三角函數,面積,兩邊夾角面積,4
TECH_C_G10,TECH_C,G10,G10TC-TRIG-CALC-01,S-10-2 / R-10-2,三角函數,計算機,三角函數與反三角鍵,4
TECH_C_G10,TECH_C,G10,G10TC-VEC-01,S-10-4,平面向量,向量,向量和差與實數積,3
TECH_C_G10,TECH_C,G10,G10TC-VEC-COORD-01,S-10-4,平面向量,向量,向量坐標,3
TECH_C_G10,TECH_C,G10,G10TC-DOT-01,S-10-5,平面向量,內積,向量內積,4
TECH_C_G10,TECH_C,G10,G10TC-DET2-01,S-10-6,平面向量,內積應用,二階行列式,4
TECH_C_G10,TECH_C,G10,G10TC-CAUCHY-01,S-10-6,平面向量,內積應用,柯西不等式,5
TECH_C_G10,TECH_C,G10,G10TC-PROJ-01,S-10-6,平面向量,內積應用,正射影,5
TECH_C_G10,TECH_C,G10,G10TC-POLY-OPS-01,A-10-2,式的運算,多項式,多項式四則,4
TECH_C_G10,TECH_C,G10,G10TC-REM-01,A-10-3,式的運算,多項式,餘式與因式定理,4
TECH_C_G10,TECH_C,G10,G10TC-POLYEQ-01,A-10-4,式的運算,多項方程式,多項式方程式,4
TECH_C_G10,TECH_C,G10,G10TC-COMPLEX-01,A-10-4,式的運算,複數,虛根與複數,5
TECH_C_G10,TECH_C,G10,G10TC-ROOTCOEF-01,A-10-4,式的運算,方程式,根與係數,5
TECH_C_G10,TECH_C,G10,G10TC-RATIONAL-01,A-10-5,式的運算,分式,分式運算,5
TECH_C_G10,TECH_C,G10,G10TC-RADICAL-01,A-10-5,式的運算,根式,根式運算,4
TECH_C_G10,TECH_C,G10,G10TC-LINE-01,S-10-7,直線與圓,直線,直線方程式,4
TECH_C_G10,TECH_C,G10,G10TC-LINE-DIST-01,S-10-7,直線與圓,距離,點線與平行線距離,4
TECH_C_G10,TECH_C,G10,G10TC-CIRCLE-01,S-10-8,直線與圓,圓,圓標準式一般式參數式,4
TECH_C_G10,TECH_C,G10,G10TC-LINECIRCLE-01,S-10-9,直線與圓,位置關係,直線與圓,4
TECH_C_G10,TECH_C,G10,G10TC-TANGENT-01,S-10-9,直線與圓,切線,圓的切線,5
TECH_C_G10,TECH_C,G10,G10TC-ARITH-01,N-10-4,數列與級數,等差,等差數列級數,4
TECH_C_G10,TECH_C,G10,G10TC-GEO-01,N-10-5,數列與級數,等比,等比數列級數,4
TECH_C_G10,TECH_C,G10,G10TC-SUM-01,N-10-4 / N-10-5,數列與級數,求和,Σ與常用求和,4
TECH_C_G10,TECH_C,G10,G10TC-COUNT-01,D-10-1,排列組合,計數,加乘原理與樹狀圖,3
TECH_C_G10,TECH_C,G10,G10TC-PERM-01,D-10-1,排列組合,排列,直線排列,4
TECH_C_G10,TECH_C,G10,G10TC-COMB-01,D-10-2,排列組合,組合,組合基本概念,4
