grade,skill_id,official_code,main_unit,subunit,skill_name,difficulty
G1,G01-N-COUNT-01,N-1-1,數概念,10以內的數,1到10聽讀寫做,1
G1,G01-N-ZERO-01,N-1-1,數概念,10以內的數,0的意義,1
G1,G01-N-ORDER-01,N-1-1,數概念,數序與序數,10以內數序,1
G1,G01-N-ORDINAL-01,N-1-1,數概念,數序與序數,基數與序數,2
G1,G01-N-CMP-01,N-1-1,數概念,數量比較,10以內多少比較,1
G1,G01-N-COMP-01,N-1-3,數概念,分與合,10以內數的合成,1
G1,G01-N-20-01,N-1-1,數概念,30以內的數,11到20的數,2
G1,G01-N-30-01,N-1-1,數概念,30以內的數,21到30的數,2
G1,G01-N-GROUPCOUNT-01,N-1-1,數概念,30以內的數,2、5、10個一數,2
G1,G01-N-100-01,N-1-1,數概念,100以內的數,100以內聽讀寫做,2
G1,G01-N-PLACE-01,N-1-1,數概念,100以內的數,個位與十位,2
G1,G01-N-100ORDER-01,N-1-1,數概念,100以內的數,100以內數序比較,2
G1,G01-N-ADD-MEAN-01,N-1-2 / R-1-1,加法,10以內加法,添加型加法,1
G1,G01-N-ADD-JOIN-01,N-1-2 / R-1-1,加法,10以內加法,併加型加法,1
G1,G01-N-ADD0-01,N-1-2,加法,10以內加法,含0的加法,1
G1,G01-N-ADD-FLUENCY-01,N-1-3,加法,基本加法,10以內加法熟練,2
G1,G01-R-COMMUTE-01,R-1-2,加法,加法關係,交換相加順序,2
G1,G01-N-SUB-TAKE-01,N-1-2 / R-1-1,減法,10以內減法,拿走型減法,1
G1,G01-N-SUB-PART-01,N-1-2 / R-1-1,減法,10以內減法,分解型減法,2
G1,G01-N-SUB-CMP-01,N-1-2,減法,10以內減法,比較型減法,2
G1,G01-N-SUB-FLUENCY-01,N-1-3,減法,基本減法,10以內減法熟練,2
G1,G01-N-18ADD-01,N-1-3,加法,20以內加法,跨10加法,3
G1,G01-N-18SUB-01,N-1-3,減法,20以內減法,跨10減法,3
G1,G01-N-2DIGADD-01,N-1-2,加減運算,兩位數加減,兩位數加一位數／整十數,2
G1,G01-N-2DIGSUB-01,N-1-2,加減運算,兩位數加減,兩位數減一位數／整十數,2
G1,G01-N-WORD-01,N-1-2 / R-1-1,加減應用,生活加減,選擇加法或減法,3
G1,G01-R-EQUAL-01,R-1-1,算式與符號,等號,等號與算式讀法,2
G1,G01-N-MONEY-01,N-1-4,錢幣,認識錢幣,1、5、10、50、100元,1
G1,G01-N-MONEY-02,N-1-4,錢幣,錢幣化聚,同值不同組合,2
G1,G01-N-MONEY-03,N-1-4 / N-1-2,錢幣,生活購物,簡單付錢與找零,3
G1,G01-N-LEN-01,N-1-5 / S-1-1,長度,長短比較,直接比較,1
G1,G01-N-LEN-02,N-1-5 / S-1-1,長度,長短比較,間接比較,2
G1,G01-N-LEN-03,N-1-5 / S-1-1,長度,非標準單位,個別單位測量,2
G1,G01-N-TIME-01,N-1-6,時間,日常時間,事件先後與時間長短,1
G1,G01-N-CLOCK-01,N-1-6,時間,鐘面,整點,1
G1,G01-N-CLOCK-02,N-1-6,時間,鐘面,半點,2
G1,G01-N-DATE-01,N-1-6,時間,日期,月日星期,2
G1,G01-S-SOLID-01,S-1-2,形體,立體形體,平面與曲面特徵,1
G1,G01-S-SHAPE-01,S-1-2,形體,平面圖形,常見平面形狀辨識,1
G1,G01-S-TRACE-01,S-1-2,形體,形體操作,描繪與複製,2
G1,G01-S-PUZZLE-01,S-1-2,形體,形體操作,拼貼與堆疊,2
G1,G01-S-MOVE-01,S-1-2,形體,形體操作,平移旋轉翻轉初步,2
G1,G01-D-CLASS-01,D-1-1,資料,分類,依單一特徵分類,1
G1,G01-D-CLASS-02,D-1-1,資料,分類,多種分類方式,2
G1,G01-D-RECORD-01,D-1-1,資料,分類與紀錄,簡單記錄與報讀,2
G2,G02-N-200-01,N-2-1,數概念,200/300以內的數,讀寫與做數,2
G2,G02-N-1000-01,N-2-1,數概念,1000以內的數,讀寫與做數,2
G2,G02-N-PLACE-01,N-2-1,數概念,位值,百位十位個位,2
G2,G02-N-ORDER-01,N-2-1,數概念,數序與比較,前後數與大小,2
G2,G02-N-COIN-01,N-2-5,錢幣,大面額錢幣,100/500/1000元,2
G2,G02-N-COIN-APP-01,N-2-5,錢幣,購物應用,付款與找錢,3
G2,G02-N-ADD-VERT-01,N-2-2,加減運算,直式加法,不進位加法,2
G2,G02-N-ADD-CARRY1-01,N-2-2,加減運算,直式加法,一次進位,2
G2,G02-N-ADD-CARRY2-01,N-2-2,加減運算,直式加法,二次進位,3
G2,G02-N-SUB-VERT-01,N-2-2,加減運算,直式減法,不退位減法,2
G2,G02-N-SUB-BORROW-01,N-2-2,加減運算,直式減法,一次退位,3
G2,G02-N-ZERO-OPS-01,N-2-2,加減運算,特殊直式,數字含0的加減,3
G2,G02-R-INVERSE-01,R-2-4,加減關係,加減互逆,用加法驗減法,2
G2,G02-N-UNK-ADDEND-01,N-2-3 / R-2-4,加減應用,未知量,未知加數/被加數,3
G2,G02-N-UNK-SUB-01,N-2-3 / R-2-4,加減應用,未知量,未知減數/被減數,3
G2,G02-N-EST-01,N-2-4,估算,加減估算,簡單合理估算,2
G2,G02-N-TWOSTEP-ADD-01,N-2-8,兩步驟,連加,兩步驟加法,3
G2,G02-N-TWOSTEP-SUB-01,N-2-8,兩步驟,連減,兩步驟減法,3
G2,G02-N-TWOSTEP-MIX-01,N-2-8,兩步驟,加減混合,先加後減/先減後加,3
G2,G02-R-ADDORDER-01,R-2-2,運算規律,三數相加,改變相加順序,3
G2,G02-N-MUL-MEAN-01,N-2-6,乘法,乘法意義,幾個一樣多,2
G2,G02-N-MUL-2-01,N-2-6,乘法,乘法表,2和5的乘法,2
G2,G02-N-MUL-4-8-01,N-2-6,乘法,乘法表,4和8的乘法,2
G2,G02-N-MUL-3-6-01,N-2-6,乘法,乘法表,3和6的乘法,2
G2,G02-N-MUL-7-9-01,N-2-6,乘法,乘法表,7和9的乘法,3
G2,G02-N-MUL-0-1-10-01,N-2-6 / N-2-7,乘法,乘法表,0、1、10的乘法,2
G2,G02-N-MUL-TABLE-01,N-2-7,乘法,九九乘法,1到10乘法熟練,3
G2,G02-R-MULCOMM-01,R-2-3,乘法,乘法關係,交換乘數與被乘數,3
G2,G02-N-MULADD-01,N-2-8,兩步驟,乘加,先乘後加,3
G2,G02-N-MULSUB-01,N-2-8,兩步驟,乘減,先乘後減,3
G2,G02-N-SHARE-01,N-2-9,除法前置,平分,平均分,2
G2,G02-N-GROUP-01,N-2-9,除法前置,分裝,每份固定量,2
G2,G02-N-SHARE-REL-01,N-2-9 / N-2-6,除法前置,乘除關係前置,用乘法檢查分裝平分,3
G2,G02-N-FRAC-UNIT-01,N-2-10,分數,單位分數,二分之一與四分之一,2
G2,G02-N-FRAC-UNIT-02,N-2-10,分數,單位分數,幾分之一,2
G2,G02-N-FRAC-CMP-01,N-2-10,分數,單位分數,單位分數大小初步,3
G2,G02-N-CM-01,N-2-11 / S-2-3,長度,公分,認識1公分,2
G2,G02-N-METER-01,N-2-11,長度,公尺,認識1公尺,2
G2,G02-N-RULER-01,N-2-11 / S-2-3,長度,測量,用尺測量與畫線,2
G2,G02-N-LENOPS-01,N-2-11,長度,長度加減,同單位長度運算,3
G2,G02-S-PERIM-01,S-2-4,幾何,周界與周長,圖形邊長總和,3
G2,G02-N-CAP-01,N-2-12,量,容量,直接/間接比較容量,2
G2,G02-N-WEIGHT-01,N-2-12,量,重量,直接/間接比較重量,2
G2,G02-S-AREA-01,N-2-12 / S-2-5,量與幾何,面積,面的直接比較,2
G2,G02-S-AREA-02,N-2-12 / S-2-5,量與幾何,面積,間接與個別單位比較,3
G2,G02-N-CLOCK-01,N-2-13,時間,鐘面,幾時幾分,2
G2,G02-N-CLOCK-02,N-2-13,時間,鐘面,前後時刻比較,2
G2,G02-N-CALENDAR-01,N-2-14,時間,日曆,年、月、日、星期,2
G2,G02-N-CALENDAR-02,N-2-14,時間,日曆,月份天數與順序,2
G2,G02-S-FEATURE-01,S-2-1 / S-2-2,幾何,平面圖形,邊角頂點,2
G2,G02-S-TRIQUAD-01,S-2-2,幾何,平面圖形,三角形與四邊形,2
G2,G02-S-SPECIAL-01,S-2-2,幾何,特殊圖形,正方形長方形正三角形,3
G2,G02-S-INOUT-01,S-2-4,幾何,平面圖形,周界內部外部,2
G2,G02-S-SOLID-01,S-2-2,幾何,立體形體,常見立體分類,2
G2,G02-R-TRANSITIVE-01,R-2-1,關係,比較關係,大小遞移,3
G2,G02-D-TABLE-01,D-2-1,資料,分類與呈現,分類紀錄,2
G2,G02-D-READ-01,D-2-1,資料,分類與呈現,報讀分類結果,2
G3,G03-N-10000-01,N-3-1,數概念,10000以內的數,萬以內讀寫做,2
G3,G03-N-PLACE-01,N-3-1,數概念,位值,千百十個位值,2
G3,G03-N-ORDER-01,N-3-1,數概念,數序與比較,萬以內排序比較,2
G3,G03-N-MONEY-01,N-3-1,數概念,錢幣表徵,大數與錢幣換算,2
G3,G03-N-NUMAPP-01,N-3-1,數概念,大數應用,萬以內生活量,3
G3,G03-N-ADD4-01,N-3-2,加減運算,四位數加法,直式與進位,3
G3,G03-N-SUB4-01,N-3-2,加減運算,四位數減法,直式與退位,3
G3,G03-N-ADDSUB-APP-01,N-3-2,加減運算,四位數應用,加減文字題,3
G3,G03-N-ADDSUB-UNK-01,N-3-2,加減運算,未知量,四位數加減缺項,4
G3,G03-N-MUL2X1-01,N-3-3,乘法,多位數乘一位數,二位數乘一位數,2
G3,G03-N-MUL3X1-01,N-3-3,乘法,多位數乘一位數,三位數乘一位數,3
G3,G03-N-MUL-EST-01,N-3-3 / N-3-8,乘法,乘法估算,估算乘積,3
G3,G03-N-MUL-APP-01,N-3-6,乘法,乘法應用,倍數與總量,3
G3,G03-N-DIV-MEAN-01,N-3-4,除法,除法概念,分裝與平分,2
G3,G03-N-DIV-REM-01,N-3-4,除法,除法概念,有餘數除法,3
G3,G03-N-DIV2X1-01,N-3-5,除法,直式除法,二位數除一位數,3
G3,G03-N-DIV3X1-01,N-3-5,除法,直式除法,三位數除一位數,4
G3,G03-N-DIV-ZERO-01,N-3-5,除法,特殊除法,商中含0,4
G3,G03-R-MULDIV-INV-01,R-3-1,乘除關係,互逆與驗算,乘除互逆,3
G3,G03-N-DIV-APP-01,N-3-6,除法,除法應用,每份量與份數,3
G3,G03-N-2STEP-01,N-3-7,兩步驟,加減乘混合,先乘再加減,4
G3,G03-N-2STEP-02,N-3-7,兩步驟,加減除混合,先除再加減,4
G3,G03-N-2STEP-03,N-3-7,兩步驟,乘除混合,倍數與分組兩步驟,4
G3,G03-N-EST-4OPS-01,N-3-8,估算,四則估算,合理估算策略,3
G3,G03-N-FRAC-BASIC-01,N-3-9,分數,分數概念,幾分之幾,2
G3,G03-N-FRAC-ONE-01,N-3-9,分數,分數與1,分子等於分母,2
G3,G03-N-FRAC-CMP-01,N-3-9,分數,同分母分數,同分母大小比較,2
G3,G03-N-FRAC-ADD-01,N-3-9,分數,同分母加減,同分母分數加法,3
G3,G03-N-FRAC-SUB-01,N-3-9,分數,同分母加減,同分母分數減法,3
G3,G03-N-FRAC-NUMBERLINE-01,N-3-9 / N-3-11,分數,數線,分數在數線上的位置,3
G3,G03-N-DEC-01,N-3-10,小數,一位小數,0.1與十分位,2
G3,G03-N-DEC-PLACE-01,N-3-10,小數,一位小數,十分位位值,2
G3,G03-N-DEC-CMP-01,N-3-10,小數,一位小數,大小比較,2
G3,G03-N-DEC-ADD-01,N-3-10,小數,一位小數,小數加法,3
G3,G03-N-DEC-SUB-01,N-3-10,小數,一位小數,小數減法,3
G3,G03-N-DEC-NUMBERLINE-01,N-3-10 / N-3-11,小數,數線,一位小數數線,3
G3,G03-N-NUMBERLINE-01,N-3-11,數線,整數數線,定位與大小,2
G3,G03-N-MM-01,N-3-12,長度,毫米,認識1毫米,2
G3,G03-N-MM-CONV-01,N-3-12,長度,毫米,公分毫米換算,2
G3,G03-N-MM-OPS-01,N-3-12,長度,毫米,長度計算,3
G3,G03-S-ANGLE-01,N-3-13 / S-3-1,角,角的概念,頂點與兩邊,2
G3,G03-S-RIGHT-01,N-3-13 / S-3-1,角,角的分類,直角,2
G3,G03-S-ACUTEOBTUSE-01,N-3-13 / S-3-1,角,角的分類,銳角與鈍角,3
G3,G03-S-RECT-01,S-3-2,幾何,正方形與長方形,邊角性質,2
G3,G03-S-PERIM-01,S-3-2,幾何,周長,長方形正方形周長,3
G3,G03-N-CM2-01,N-3-14,面積,平方公分,1平方公分,2
G3,G03-N-CM2-COUNT-01,N-3-14,面積,平方公分,方格鋪排計數,3
G3,G03-N-CM2-MUL-01,N-3-14,面積,平方公分,用乘法加速計數,3
G3,G03-S-AREA-CUT-01,N-3-14 / S-3-4,面積,切割拼湊,等積重組,4
G3,G03-N-L-01,N-3-15,容量,公升毫升,認識公升與毫升,2
G3,G03-N-L-CONV-01,N-3-15,容量,公升毫升,L與mL換算,2
G3,G03-N-L-OPS-01,N-3-15,容量,公升毫升,容量加減,3
G3,G03-N-KG-01,N-3-16,重量,公斤公克,認識公斤與公克,2
G3,G03-N-KG-CONV-01,N-3-16,重量,公斤公克,kg與g換算,2
G3,G03-N-KG-OPS-01,N-3-16,重量,公斤公克,重量加減,3
G3,G03-N-TIME24-01,N-3-17,時間,24時制,12/24時制轉換,2
G3,G03-N-TIMEUNIT-01,N-3-17,時間,時間單位,日-時-分-秒關係,2
G3,G03-N-TIMECALC-01,N-3-17,時間,時間計算,之前/之後時刻,3
G3,G03-N-ELAPSED-01,N-3-17,時間,時間計算,經過時間,4
G3,G03-S-CIRCLE-01,S-3-3,圓,圓的構造,圓心半徑直徑,2
G3,G03-S-COMPASS-01,S-3-3,圓,圓規,用圓規畫圓,2
G3,G03-S-OPERATE-01,S-3-4,幾何操作,切割拼湊,平面圖形重組,3
G3,G03-R-PATTERN-01,R-3-2,規律,數列規律,固定加減規律,3
G3,G03-R-PATTERN-02,R-3-2,規律,圖形顏色規律,週期與排列,3
G3,G03-R-PATTERN-03,R-3-2,規律,表格規律,用表格找關係,4
G3,G03-D-1WAY-01,D-3-1,資料,表格,一維表格,2
G3,G03-D-2WAY-01,D-3-1,資料,表格,二維表格,3
G3,G03-D-TABLE-APP-01,D-3-1,資料,表格,表格推理,3
G4,G04-N-100M-01,N-4-1,大數與位值,一億以內的數,大數讀寫,2
G4,G04-N-PLACE-01,N-4-1,大數與位值,一億以內的數,大數位值化聚,2
G4,G04-N-CMP-01,N-4-1,大數與位值,一億以內的數,大數比較排序,2
G4,G04-N-ADDSUB-01,N-4-1,大數與位值,一億以內的數,大數加減,3
G4,G04-N-MUL1-01,N-4-2,整數乘除,乘法,四位數乘一位數,2
G4,G04-N-MUL2-01,N-4-2,整數乘除,乘法,一二位數乘二位數,3
G4,G04-N-MUL4X2-01,N-4-2,整數乘除,乘法,三四位數乘二位數,4
G4,G04-N-DIV4X1-01,N-4-2,整數乘除,除法,四位數除一位數,3
G4,G04-N-DIV2X2-01,N-4-2,整數乘除,除法,二位數除二位數,3
G4,G04-N-DIV4X2-01,N-4-2,整數乘除,除法,三四位數除二位數,4
G4,G04-N-MULDIV-APP-01,N-4-2 / N-4-3,整數乘除,應用,多位數乘除文字題,4
G4,G04-N-2STEP-MULADD-01,N-4-3 / R-4-1,兩步驟與併式,應用,乘加/乘減兩步驟,4
G4,G04-N-2STEP-DIV-01,N-4-3 / R-4-1,兩步驟與併式,應用,除加/除減/乘除兩步驟,4
G4,G04-R-ORDER-01,R-4-1 / R-4-2,四則運算,運算順序,由左而右與先乘除後加減,3
G4,G04-R-BRACKET-01,R-4-1 / R-4-2,四則運算,括號,括號與併式,4
G4,G04-R-LAWS-01,R-4-2,四則運算,運算規律,交換律與結合律初步,4
G4,G04-N-ROUND-01,N-4-4,概數,四捨五入,取到萬/千/百位概數,2
G4,G04-N-EST-01,N-4-4,概數,估算,用概數估算四則結果,3
G4,G04-N-FRAC-TYPES-01,N-4-5,分數,分數類型,真分數假分數帶分數,2
G4,G04-N-FRAC-CONV-01,N-4-5,分數,分數類型,假分數帶分數互換,3
G4,G04-N-FRAC-CMP-01,N-4-5,分數,同分母分數,大小比較,3
G4,G04-N-FRAC-ADD-01,N-4-5,分數,同分母分數,同分母加法,3
G4,G04-N-FRAC-SUB-01,N-4-5,分數,同分母分數,同分母減法,4
G4,G04-N-FRAC-EQV-01,N-4-6,分數,等值分數,由圖像建立等值分數,3
G4,G04-N-FRAC-DEC-01,N-4-6 / N-4-7,分數小數連結,分數與小數,十分之一百分之一與小數,3
G4,G04-N-DEC2-01,N-4-7,小數,二位小數,百分位與二位小數,2
G4,G04-N-DEC2-CMP-01,N-4-7,小數,二位小數,大小比較,2
G4,G04-N-DEC2-ADD-01,N-4-7,小數,二位小數,二位小數加法,3
G4,G04-N-DEC2-SUB-01,N-4-7,小數,二位小數,二位小數減法,3
G4,G04-N-DECMULINT-01,N-4-7,小數,小數乘法初步,一二位小數乘整數,4
G4,G04-N-NUMBERLINE-01,N-4-8,數線,分數小數數線,分數定位,3
G4,G04-N-NUMBERLINE-02,N-4-8,數線,分數小數數線,小數定位,3
G4,G04-N-KM-01,N-4-9,長度,公里,認識公里,2
G4,G04-N-KM-CONV-01,N-4-9,長度,公里,公里公尺換算,3
G4,G04-N-KM-APP-01,N-4-9,長度,公里,距離應用,3
G4,G04-S-DEGREE-01,N-4-10 / S-4-1,角度,度量角,認識1度與量角器,2
G4,G04-S-MEASURE-01,N-4-10 / S-4-1,角度,度量角,量角與畫角,3
G4,G04-S-ANGLECALC-01,N-4-10 / S-4-1,角度,角度計算,角的合成與分解,4
G4,G04-S-ROTATE-01,S-4-2,角度,旋轉角,順逆時針與周角,3
G4,G04-S-PERP-01,S-4-5,幾何關係,垂直平行,垂直線,3
G4,G04-S-PARALLEL-01,S-4-5,幾何關係,垂直平行,平行線,3
G4,G04-S-CONGRUENT-01,S-4-6,全等,平面圖形,全等圖形,3
G4,G04-S-CONGRUENT-MAP-01,S-4-6,全等,平面圖形,對應邊與對應角,3
G4,G04-S-TRI-CLASS-01,S-4-7,三角形,分類,依邊分類三角形,2
G4,G04-S-TRI-ANGLE-01,S-4-7,三角形,分類,依角分類三角形,3
G4,G04-S-QUAD-01,S-4-8,四邊形,分類,常見四邊形,3
G4,G04-S-QUAD-REL-01,S-4-8 / S-4-5,四邊形,分類關係,四邊形包含關係,4
G4,G04-N-M2-01,N-4-11 / S-4-3,面積,平方公尺,認識平方公尺,2
G4,G04-S-RECTAREA-01,N-4-11 / S-4-3 / R-4-3,面積,長方形正方形,長方形面積,3
G4,G04-S-SQUAREAREA-01,N-4-11 / S-4-3 / R-4-3,面積,長方形正方形,正方形面積,3
G4,G04-S-PERIM-01,S-4-3 / R-4-3,周長,長方形正方形,周長公式,3
G4,G04-S-AREA-REVERSE-01,S-4-3 / R-4-3,面積周長,反求,由面積或周長反求邊長,4
G4,G04-S-COMPOSITE-AREA-01,S-4-3,面積,複合圖形,切割與補形,4
G4,G04-N-CM3-01,N-4-12 / S-4-4,體積,立方公分,認識1立方公分,2
G4,G04-N-CM3-COUNT-01,N-4-12 / S-4-4,體積,立方公分,堆疊計數,3
G4,G04-N-CM3-HIDDEN-01,N-4-12 / S-4-4,體積,立方公分,看不見的立方體,4
G4,G04-N-TIMEADD-01,N-4-13,時間,時間計算,複名數時間加法,3
G4,G04-N-TIMESUB-01,N-4-13,時間,時間計算,複名數時間減法,4
G4,G04-N-TIMEAPP-01,N-4-13,時間,時間計算,時刻與經過時間,4
G4,G04-R-PATTERN-01,R-4-4,規律,數量模式,數列與圖形規律,3
G4,G04-R-PERIOD-01,R-4-4,規律,週期,週期位置判斷,4
G4,G04-R-TABLE-01,R-4-4,規律,兩量關係,表格找規律,4
G4,G04-D-BAR-01,D-4-1,資料,長條圖,報讀長條圖,2
G4,G04-D-BAR-DRAW-01,D-4-1,資料,長條圖,製作長條圖,3
G4,G04-D-LINE-READ-01,D-4-1,資料,折線圖,報讀折線圖,3
G4,G04-D-LINE-DRAW-01,D-4-1,資料,折線圖,製作折線圖,3
G4,G04-D-CHART-CHOICE-01,D-4-1,資料,統計圖選擇,選擇長條或折線圖,4
G5,G05-N-DEC-PLACE-01,N-5-1,數與位值,大數與多位小數,大數讀寫與位值,1
G5,G05-N-DEC-PLACE-02,N-5-1,數與位值,大數與多位小數,位值單位化聚,2
G5,G05-N-DEC-CMP-01,N-5-1,數與位值,大數與多位小數,多位小數比較,2
G5,G05-N-DEC-ROUND-01,N-5-11,數與位值,概數與估算,小數取概數,2
G5,G05-N-FACTOR-01,N-5-3,因數與倍數,因數與公因數,整除與因數,2
G5,G05-N-GCF-01,N-5-3,因數與倍數,因數與公因數,公因數與最大公因數,3
G5,G05-N-MULTIPLE-01,N-5-3,因數與倍數,倍數與公倍數,倍數與判別,2
G5,G05-N-LCM-01,N-5-3,因數與倍數,倍數與公倍數,公倍數與最小公倍數,3
G5,G05-N-FRAC-EQV-01,N-5-4,分數,等值分數,擴分與約分,2
G5,G05-N-FRAC-COMMON-01,N-5-4,分數,等值分數,通分與大小比較,3
G5,G05-N-FRAC-ADD-01,N-5-4,分數,異分母分數加減,異分母分數加法,3
G5,G05-N-FRAC-SUB-01,N-5-4,分數,異分母分數加減,異分母分數減法,3
G5,G05-N-FRAC-DIVREP-01,N-5-6,分數,分數與除法,整數相除分數表示,2
G5,G05-N-FRAC-MUL-01,N-5-5,分數,分數乘法,整數乘分數,3
G5,G05-N-FRAC-MUL-02,N-5-5,分數,分數乘法,分數乘分數,4
G5,G05-N-FRAC-DIVINT-01,N-5-7,分數,分數除法初步,分數除以整數,3
G5,G05-N-DEC-MUL-01,N-5-8,小數運算,小數乘法,小數乘整數,2
G5,G05-N-DEC-MUL-02,N-5-8,小數運算,小數乘法,小數乘小數,4
G5,G05-N-DEC-DIV-01,N-5-9,小數運算,整數與小數除法,整數除以整數商為小數,3
G5,G05-N-DEC-DIV-02,N-5-9,小數運算,整數與小數除法,小數除以整數,3
G5,G05-N-RATE-01,N-5-10,比率與百分率,比率,部分量與全體量,3
G5,G05-N-PERCENT-01,N-5-10,比率與百分率,百分率,分數小數百分率互換,3
G5,G05-N-TIME-01,N-5-16,時間量,時間乘除,時間乘法,3
G5,G05-N-TIME-02,N-5-16,時間量,時間乘除,時間除法,4
G5,G05-S-POLY-01,S-5-1,幾何性質,多邊形,三角形邊長關係,3
G5,G05-S-ANGLE-01,S-5-1,幾何性質,多邊形,三角形與四邊形內角,3
G5,G05-S-SECTOR-01,S-5-3,幾何性質,扇形,扇形與圓心角,2
G5,G05-S-SYM-01,S-5-4,幾何變換,線對稱,線對稱性質,3
G5,G05-S-AREA-PARA-01,S-5-2,面積,平面圖形面積,平行四邊形面積,3
G5,G05-S-AREA-TRI-01,S-5-2,面積,平面圖形面積,三角形面積,3
G5,G05-S-AREA-TRAP-01,S-5-2,面積,平面圖形面積,梯形面積,4
G5,G05-N-AREAUNIT-01,N-5-12,量與單位,生活大單位,大面積單位換算,3
G5,G05-N-MASSUNIT-01,N-5-13,量與單位,生活大單位,公噸與公斤,2
G5,G05-S-SOLID-01,S-5-7,立體幾何,柱體錐體與球,立體形體分類,2
G5,G05-S-FACE-01,S-5-6,立體幾何,柱體錐體與球,面與面的平行垂直,3
G5,G05-S-VOLUME-01,S-5-5,體積與表面積,長方體與正方體,體積公式,3
G5,G05-N-VOLUNIT-01,N-5-14,體積與表面積,長方體與正方體,立方公尺,4
G5,G05-S-SURFACE-01,S-5-5,體積與表面積,長方體與正方體,表面積,4
G5,G05-N-CAPACITY-01,N-5-15,體積與表面積,容積與容量,容積容量關係,4
G5,G05-N-DISPLACE-01,N-5-15,體積與表面積,容積與容量,排水法求不規則體積,4
G5,G05-R-MULTISTEP-01,N-5-2 / R-5-1,運算與關係,多步驟解題,三步驟併式,4
G5,G05-R-LAW-01,R-5-2,運算與關係,四則規律,分配律與簡化計算,4
G5,G05-R-SYMBOL-01,R-5-3,運算與關係,符號與公式,用符號表示量,3
G5,G05-D-LINE-01,D-5-1,資料,折線圖,讀取折線圖,2
G5,G05-D-LINE-02,D-5-1,資料,折線圖,製作折線圖,3
G6,G06-N-PRIME-01,N-6-1,因數與倍數進階,質數與合數,質數、合數與1,2
G6,G06-N-PRIME-02,N-6-1,因數與倍數進階,質因數分解,質因數,2
G6,G06-N-PRIME-03,N-6-1,因數與倍數進階,質因數分解,短除法質因數分解,3
G6,G06-N-COPRIME-01,N-6-2,因數與倍數進階,最大公因數與最小公倍數,互質,2
G6,G06-N-GCF-01,N-6-2,因數與倍數進階,最大公因數與最小公倍數,短除法求最大公因數,3
G6,G06-N-LCM-01,N-6-2,因數與倍數進階,最大公因數與最小公倍數,短除法求最小公倍數,3
G6,G06-N-GCFLCM-APP-01,N-6-2,因數與倍數進階,最大公因數與最小公倍數,分組與週期應用,4
G6,G06-N-FRAC-DIV-01,N-6-3,分數除法,分數除法概念,整數除以分數,3
G6,G06-N-FRAC-DIV-02,N-6-3,分數除法,分數除法概念,分數除以分數,4
G6,G06-N-FRAC-DIV-03,N-6-3,分數除法,分數除法應用,分數除法文字題,4
G6,G06-N-DEC-DIV-01,N-6-4,小數除法,除數為小數,整數除以小數,3
G6,G06-N-DEC-DIV-02,N-6-4,小數除法,除數為小數,小數除以小數,3
G6,G06-N-DEC-DIV-03,N-6-4,小數除法,商與概數,小數除法取概數,3
G6,G06-R-MIXED-01,N-6-5 / R-6-1,四則與規律,數系混合計算,小數四則混合,3
G6,G06-R-MIXED-02,N-6-5 / R-6-1,四則與規律,數系混合計算,分數四則混合,4
G6,G06-R-MIXED-03,N-6-5 / R-6-1,四則與規律,數系混合計算,分數小數混合,4
G6,G06-N-RATIO-01,N-6-6,比與比例,比與比值,比的意義與記法,2
G6,G06-N-RATIO-02,N-6-6,比與比例,比與比值,比值,3
G6,G06-N-RATIO-03,N-6-6,比與比例,相等的比,等比與最簡整數比,3
G6,G06-N-RATIO-APP-01,N-6-6,比與比例,比的應用,按比分配,4
G6,G06-N-SPEED-01,N-6-7,速率,速率概念,速率的意義,2
G6,G06-N-SPEED-02,N-6-7,速率,距離速率時間,三量關係,3
G6,G06-N-SPEED-03,N-6-7,速率,速率單位,秒速分速時速換算,4
G6,G06-N-SPEED-APP-01,N-6-7,速率,速率應用,平均速率,4
G6,G06-N-SPEED-APP-02,N-6-7 / R-6-4,速率,速率應用,相遇、相離與追趕,5
G6,G06-N-BASE-01,N-6-8,兩量關係,基準量與比較量,辨認基準量,3
G6,G06-N-BASE-02,N-6-8,兩量關係,基準量與比較量,比較量與倍數,3
G6,G06-N-BASE-03,N-6-8,兩量關係,基準量與比較量,兩量和差,4
G6,G06-R-PATTERN-01,R-6-2,數量關係,規律與模式,數形規律,3
G6,G06-R-INVARIANT-01,R-6-1 / R-6-2,數量關係,運算不變性,和差積商不變,4
G6,G06-R-INTERVAL-01,N-6-9 / R-6-4,數量關係,典型解題,間隔問題,4
G6,G06-R-COUNT-01,N-6-9 / R-6-4,數量關係,典型解題,搭配與組合,4
G6,G06-R-AGES-01,N-6-9 / R-6-4,數量關係,典型解題,年齡問題,5
G6,G06-R-SUMDIFF-01,N-6-9 / R-6-4,數量關係,典型解題,和差問題,4
G6,G06-R-CHICKEN-01,N-6-9 / R-6-4,數量關係,典型解題,雙條件總量推理,5
G6,G06-R-EXPR-01,R-6-3,數量關係,關係式表示,文字轉關係式,3
G6,G06-S-SCALE-01,S-6-1,比例幾何,放大與縮小,放大縮小性質,3
G6,G06-S-SCALE-02,S-6-1,比例幾何,放大與縮小,繪製放大縮小圖,3
G6,G06-S-MAPSCALE-01,S-6-2,比例幾何,比例尺,比例尺表示,3
G6,G06-S-MAPSCALE-02,S-6-2,比例幾何,比例尺,比例尺應用,4
G6,G06-S-PI-01,S-6-3,圓與扇形,圓周長,圓周率,2
G6,G06-S-CIRC-01,S-6-3,圓與扇形,圓周長,圓周長,3
G6,G06-S-ARC-01,S-6-3,圓與扇形,扇形周長,扇形弧長與周長,4
G6,G06-S-CIRCLEAREA-01,S-6-3,圓與扇形,圓面積,圓面積,3
G6,G06-S-SECTORAREA-01,S-6-3,圓與扇形,扇形面積,扇形面積,4
G6,G06-S-COMPOSITE-AREA-01,S-6-3,圓與扇形,複合圖形,圓與扇形複合面積,5
G6,G06-S-PRISM-VOL-01,S-6-4,柱體,柱體體積,角柱與圓柱體積,3
G6,G06-S-PRISM-VOL-02,S-6-4,柱體,柱體體積,複合柱體體積,5
G6,G06-S-PRISM-SURF-01,S-6-4,柱體,柱體表面積,角柱與圓柱表面積,4
G6,G06-D-PIE-01,D-6-1,資料,圓形圖,報讀圓形圖,2
G6,G06-D-PIE-02,D-6-1,資料,圓形圖,製作圓形圖,3
G6,G06-D-PIE-03,D-6-1,資料,統計圖應用,選圖與比較,4
G6,G06-D-PROB-01,D-6-2,資料,可能性,可能性判讀,3
